"","id","activity_date","total_steps","total_dist","active_mins","sedentary_mins","calories","mins_asleep","mins_in_bed","weight","bmi","is_healthy"
"1","1503960366",2016-04-12,13162,8.5,366,728,1985,327,346,NA,NA,NA
"2","1503960366",2016-04-13,10735,6.96999979019165,257,776,1797,384,407,NA,NA,NA
"3","1503960366",2016-04-14,10460,6.73999977111816,222,1218,1776,NA,NA,NA,NA,NA
"4","1503960366",2016-04-15,9762,6.28000020980835,272,726,1745,412,442,NA,NA,NA
"5","1503960366",2016-04-16,12669,8.15999984741211,267,773,1863,340,367,NA,NA,NA
"6","1503960366",2016-04-17,9705,6.48000001907349,222,539,1728,700,712,NA,NA,NA
"7","1503960366",2016-04-18,13019,8.59000015258789,291,1149,1921,NA,NA,NA,NA,NA
"8","1503960366",2016-04-19,15506,9.88000011444092,345,775,2035,304,320,NA,NA,NA
"9","1503960366",2016-04-20,10544,6.67999982833862,245,818,1786,360,377,NA,NA,NA
"10","1503960366",2016-04-21,9819,6.34000015258789,238,838,1775,325,364,NA,NA,NA
"11","1503960366",2016-04-22,12764,8.13000011444092,223,1217,1827,NA,NA,NA,NA,NA
"12","1503960366",2016-04-23,14371,9.03999996185303,324,732,1949,361,384,NA,NA,NA
"13","1503960366",2016-04-24,10039,6.40999984741211,282,709,1788,430,449,NA,NA,NA
"14","1503960366",2016-04-25,15355,9.80000019073486,303,814,2013,277,323,NA,NA,NA
"15","1503960366",2016-04-26,13755,8.78999996185303,333,833,1970,245,274,NA,NA,NA
"16","1503960366",2016-04-27,18134,12.210000038147,332,1108,2159,NA,NA,NA,NA,NA
"17","1503960366",2016-04-28,13154,8.52999973297119,265,782,1898,366,393,NA,NA,NA
"18","1503960366",2016-04-29,11181,7.15000009536743,271,815,1837,341,354,NA,NA,NA
"19","1503960366",2016-04-30,14673,9.25,303,712,1947,404,425,NA,NA,NA
"20","1503960366",2016-05-01,10602,6.80999994277954,314,730,1820,369,396,NA,NA,NA
"21","1503960366",2016-05-02,14727,9.71000003814697,333,798,2004,277,309,52.59999847,22.65,"YES"
"22","1503960366",2016-05-03,15103,9.65999984741211,328,816,1990,273,296,52.59999847,22.65,"YES"
"23","1503960366",2016-05-04,11100,7.15000009536743,261,1179,1819,NA,NA,NA,NA,NA
"24","1503960366",2016-05-05,14070,8.89999961853027,319,857,1959,247,264,NA,NA,NA
"25","1503960366",2016-05-06,12159,8.02999973297119,319,754,1896,334,367,NA,NA,NA
"26","1503960366",2016-05-07,11992,7.71000003814697,258,833,1821,331,349,NA,NA,NA
"27","1503960366",2016-05-08,10060,6.57999992370605,255,574,1740,594,611,NA,NA,NA
"28","1503960366",2016-05-09,12022,7.71999979019165,263,835,1819,338,342,NA,NA,NA
"29","1503960366",2016-05-10,12207,7.76999998092651,291,746,1859,383,403,NA,NA,NA
"30","1503960366",2016-05-11,12770,8.13000011444092,310,669,1783,285,306,NA,NA,NA
"31","1503960366",2016-05-12,0,0,0,1440,0,NA,NA,NA,NA,NA
"32","1624580081",2016-04-12,8163,5.30999994277954,146,1294,1432,NA,NA,NA,NA,NA
"33","1624580081",2016-04-13,7007,4.55000019073486,148,1292,1411,NA,NA,NA,NA,NA
"34","1624580081",2016-04-14,9107,5.92000007629395,236,1204,1572,NA,NA,NA,NA,NA
"35","1624580081",2016-04-15,1510,0.980000019073486,96,1344,1344,NA,NA,NA,NA,NA
"36","1624580081",2016-04-16,5370,3.49000000953674,176,1264,1463,NA,NA,NA,NA,NA
"37","1624580081",2016-04-17,6175,4.05999994277954,164,1276,1554,NA,NA,NA,NA,NA
"38","1624580081",2016-04-18,10536,7.40999984741211,226,1214,1604,NA,NA,NA,NA,NA
"39","1624580081",2016-04-19,2916,1.89999997615814,141,1299,1435,NA,NA,NA,NA,NA
"40","1624580081",2016-04-20,4974,3.23000001907349,151,1289,1446,NA,NA,NA,NA,NA
"41","1624580081",2016-04-21,6349,4.13000011444092,186,1254,1467,NA,NA,NA,NA,NA
"42","1624580081",2016-04-22,4026,2.61999988555908,199,1241,1470,NA,NA,NA,NA,NA
"43","1624580081",2016-04-23,8538,5.55000019073486,227,1213,1562,NA,NA,NA,NA,NA
"44","1624580081",2016-04-24,6076,3.95000004768372,219,1221,1617,NA,NA,NA,NA,NA
"45","1624580081",2016-04-25,6497,4.21999979019165,202,1238,1492,NA,NA,NA,NA,NA
"46","1624580081",2016-04-26,2826,1.8400000333786,140,1300,1402,NA,NA,NA,NA,NA
"47","1624580081",2016-04-27,8367,5.44000005722046,207,1233,1670,NA,NA,NA,NA,NA
"48","1624580081",2016-04-28,2759,1.78999996185303,120,1320,1401,NA,NA,NA,NA,NA
"49","1624580081",2016-04-29,2390,1.54999995231628,150,1290,1404,NA,NA,NA,NA,NA
"50","1624580081",2016-04-30,6474,4.30000019073486,258,1182,1655,NA,NA,NA,NA,NA
"51","1624580081",2016-05-01,36019,28.0300006866455,420,1020,2690,NA,NA,NA,NA,NA
"52","1624580081",2016-05-02,7155,4.92999982833862,179,1261,1497,NA,NA,NA,NA,NA
"53","1624580081",2016-05-03,2100,1.37000000476837,96,1344,1334,NA,NA,NA,NA,NA
"54","1624580081",2016-05-04,2193,1.42999994754791,118,1322,1368,NA,NA,NA,NA,NA
"55","1624580081",2016-05-05,2470,1.61000001430511,117,1323,1370,NA,NA,NA,NA,NA
"56","1624580081",2016-05-06,1727,1.12000000476837,102,1338,1341,NA,NA,NA,NA,NA
"57","1624580081",2016-05-07,2104,1.37000000476837,182,1258,1474,NA,NA,NA,NA,NA
"58","1624580081",2016-05-08,3427,2.23000001907349,152,1288,1427,NA,NA,NA,NA,NA
"59","1624580081",2016-05-09,1732,1.12999999523163,91,1349,1328,NA,NA,NA,NA,NA
"60","1624580081",2016-05-10,2969,1.92999994754791,139,1301,1393,NA,NA,NA,NA,NA
"61","1624580081",2016-05-11,3134,2.03999996185303,112,1328,1359,NA,NA,NA,NA,NA
"62","1624580081",2016-05-12,2971,1.92999994754791,107,890,1002,NA,NA,NA,NA,NA
"63","1644430081",2016-04-12,10694,7.76999998092651,309,1131,3199,NA,NA,NA,NA,NA
"64","1644430081",2016-04-13,8001,5.82000017166138,181,1259,2902,NA,NA,NA,NA,NA
"65","1644430081",2016-04-14,11037,8.02000045776367,315,1125,3226,NA,NA,NA,NA,NA
"66","1644430081",2016-04-15,5263,3.82999992370605,177,1263,2750,NA,NA,NA,NA,NA
"67","1644430081",2016-04-16,15300,11.1199998855591,305,1135,3493,NA,NA,NA,NA,NA
"68","1644430081",2016-04-17,8757,6.36999988555908,228,1212,3011,NA,NA,NA,NA,NA
"69","1644430081",2016-04-18,7132,5.19000005722046,169,1271,2806,NA,NA,NA,NA,NA
"70","1644430081",2016-04-19,11256,8.18000030517578,341,1099,3300,NA,NA,NA,NA,NA
"71","1644430081",2016-04-20,2436,1.76999998092651,125,1315,2430,NA,NA,NA,NA,NA
"72","1644430081",2016-04-21,1223,0.889999985694885,38,1402,2140,NA,NA,NA,NA,NA
"73","1644430081",2016-04-22,3673,2.67000007629395,86,1354,2344,NA,NA,NA,NA,NA
"74","1644430081",2016-04-23,6637,4.82999992370605,175,1265,2677,NA,NA,NA,NA,NA
"75","1644430081",2016-04-24,3321,2.41000008583069,89,1351,2413,NA,NA,NA,NA,NA
"76","1644430081",2016-04-25,3580,2.59999990463257,103,1337,2497,NA,NA,NA,NA,NA
"77","1644430081",2016-04-26,9919,7.21000003814697,275,1165,3123,NA,NA,NA,NA,NA
"78","1644430081",2016-04-27,3032,2.20000004768372,118,1322,2489,NA,NA,NA,NA,NA
"79","1644430081",2016-04-28,9405,6.84000015258789,283,1157,3108,NA,NA,NA,NA,NA
"80","1644430081",2016-04-29,3176,2.30999994277954,120,1193,2498,119,127,NA,NA,NA
"81","1644430081",2016-04-30,18213,13.2399997711182,482,816,3846,124,142,NA,NA,NA
"82","1644430081",2016-05-01,6132,4.46000003814697,173,908,2696,NA,NA,NA,NA,NA
"83","1644430081",2016-05-02,3758,2.73000001907349,156,682,2580,796,961,NA,NA,NA
"84","1644430081",2016-05-03,12850,9.34000015258789,325,1115,3324,NA,NA,NA,NA,NA
"85","1644430081",2016-05-04,2309,1.67999994754791,52,1388,2222,NA,NA,NA,NA,NA
"86","1644430081",2016-05-05,4363,3.19000005722046,99,1341,2463,NA,NA,NA,NA,NA
"87","1644430081",2016-05-06,9787,7.11999988555908,386,1054,3328,NA,NA,NA,NA,NA
"88","1644430081",2016-05-07,13372,9.72000026702881,301,1139,3404,NA,NA,NA,NA,NA
"89","1644430081",2016-05-08,6724,4.8899998664856,295,991,2987,137,154,NA,NA,NA
"90","1644430081",2016-05-09,6643,4.82999992370605,341,1099,3008,NA,NA,NA,NA,NA
"91","1644430081",2016-05-10,9167,6.65999984741211,186,1254,2799,NA,NA,NA,NA,NA
"92","1644430081",2016-05-11,1329,0.970000028610229,49,713,1276,NA,NA,NA,NA,NA
"93","1844505072",2016-04-12,6697,4.42999982833862,339,1101,2030,NA,NA,NA,NA,NA
"94","1844505072",2016-04-13,4929,3.25999999046326,248,1192,1860,NA,NA,NA,NA,NA
"95","1844505072",2016-04-14,7937,5.25,373,843,2130,NA,NA,NA,NA,NA
"96","1844505072",2016-04-15,3844,2.53999996185303,176,527,1725,644,961,NA,NA,NA
"97","1844505072",2016-04-16,3414,2.25999999046326,147,1293,1657,NA,NA,NA,NA,NA
"98","1844505072",2016-04-17,4525,2.99000000953674,209,1231,1793,NA,NA,NA,NA,NA
"99","1844505072",2016-04-18,4597,3.03999996185303,229,1211,1814,NA,NA,NA,NA,NA
"100","1844505072",2016-04-19,197,0.129999995231628,10,1430,1366,NA,NA,NA,NA,NA
"101","1844505072",2016-04-20,8,0.00999999977648258,1,1439,1349,NA,NA,NA,NA,NA
"102","1844505072",2016-04-21,8054,5.32000017166138,323,1117,2062,NA,NA,NA,NA,NA
"103","1844505072",2016-04-22,5372,3.54999995231628,220,1220,1827,NA,NA,NA,NA,NA
"104","1844505072",2016-04-23,3570,2.35999989509583,139,1301,1645,NA,NA,NA,NA,NA
"105","1844505072",2016-04-24,0,0,0,1440,1347,NA,NA,NA,NA,NA
"106","1844505072",2016-04-25,0,0,0,1440,1347,NA,NA,NA,NA,NA
"107","1844505072",2016-04-26,0,0,0,1440,1347,NA,NA,NA,NA,NA
"108","1844505072",2016-04-27,4,0,1,1439,1348,NA,NA,NA,NA,NA
"109","1844505072",2016-04-28,6907,4.57000017166138,302,1138,1992,NA,NA,NA,NA,NA
"110","1844505072",2016-04-29,4920,3.25,247,1082,1856,NA,NA,NA,NA,NA
"111","1844505072",2016-04-30,4014,2.67000007629395,184,218,1763,722,961,NA,NA,NA
"112","1844505072",2016-05-01,2573,1.70000004768372,82,585,1541,590,961,NA,NA,NA
"113","1844505072",2016-05-02,0,0,0,1440,1348,NA,NA,NA,NA,NA
"114","1844505072",2016-05-03,4059,2.6800000667572,184,1256,1742,NA,NA,NA,NA,NA
"115","1844505072",2016-05-04,2080,1.37000000476837,87,1353,1549,NA,NA,NA,NA,NA
"116","1844505072",2016-05-05,2237,1.48000001907349,120,1320,1589,NA,NA,NA,NA,NA
"117","1844505072",2016-05-06,44,0.0299999993294477,2,1438,1351,NA,NA,NA,NA,NA
"118","1844505072",2016-05-07,0,0,0,1440,1347,NA,NA,NA,NA,NA
"119","1844505072",2016-05-08,0,0,0,1440,1347,NA,NA,NA,NA,NA
"120","1844505072",2016-05-09,0,0,0,1440,1347,NA,NA,NA,NA,NA
"121","1844505072",2016-05-10,0,0,0,1440,1347,NA,NA,NA,NA,NA
"122","1844505072",2016-05-11,0,0,0,1440,1347,NA,NA,NA,NA,NA
"123","1844505072",2016-05-12,0,0,0,711,665,NA,NA,NA,NA,NA
"124","1927972279",2016-04-12,678,0.469999998807907,55,734,2220,750,775,NA,NA,NA
"125","1927972279",2016-04-13,356,0.25,32,986,2151,398,422,133.5,47.54,"NO"
"126","1927972279",2016-04-14,2163,1.5,97,1292,2383,NA,NA,NA,NA,NA
"127","1927972279",2016-04-15,980,0.680000007152557,51,941,2221,475,499,NA,NA,NA
"128","1927972279",2016-04-16,0,0,0,1440,2064,NA,NA,NA,NA,NA
"129","1927972279",2016-04-17,0,0,0,1440,2063,NA,NA,NA,NA,NA
"130","1927972279",2016-04-18,244,0.170000001788139,17,1423,2111,NA,NA,NA,NA,NA
"131","1927972279",2016-04-19,0,0,0,1440,2063,NA,NA,NA,NA,NA
"132","1927972279",2016-04-20,0,0,0,1440,2063,NA,NA,NA,NA,NA
"133","1927972279",2016-04-21,0,0,0,1440,2064,NA,NA,NA,NA,NA
"134","1927972279",2016-04-22,149,0.100000001490116,10,1430,2093,NA,NA,NA,NA,NA
"135","1927972279",2016-04-23,2945,2.03999996185303,145,1295,2499,NA,NA,NA,NA,NA
"136","1927972279",2016-04-24,2090,1.45000004768372,82,1358,2324,NA,NA,NA,NA,NA
"137","1927972279",2016-04-25,152,0.109999999403954,12,1303,2100,NA,NA,NA,NA,NA
"138","1927972279",2016-04-26,3761,2.59999990463257,192,1058,2638,296,315,NA,NA,NA
"139","1927972279",2016-04-27,0,0,0,1440,2063,NA,NA,NA,NA,NA
"140","1927972279",2016-04-28,1675,1.1599999666214,95,1167,2351,166,178,NA,NA,NA
"141","1927972279",2016-04-29,0,0,0,1440,2063,NA,NA,NA,NA,NA
"142","1927972279",2016-04-30,0,0,0,1440,2064,NA,NA,NA,NA,NA
"143","1927972279",2016-05-01,2704,1.87000000476837,85,1355,2411,NA,NA,NA,NA,NA
"144","1927972279",2016-05-02,3790,2.61999988555908,118,1322,2505,NA,NA,NA,NA,NA
"145","1927972279",2016-05-03,1326,0.920000016689301,27,1413,2195,NA,NA,NA,NA,NA
"146","1927972279",2016-05-04,1786,1.24000000953674,87,1353,2338,NA,NA,NA,NA,NA
"147","1927972279",2016-05-05,0,0,0,1440,2063,NA,NA,NA,NA,NA
"148","1927972279",2016-05-06,2091,1.45000004768372,108,1332,2383,NA,NA,NA,NA,NA
"149","1927972279",2016-05-07,1510,1.03999996185303,48,1392,2229,NA,NA,NA,NA,NA
"150","1927972279",2016-05-08,0,0,0,1440,2063,NA,NA,NA,NA,NA
"151","1927972279",2016-05-09,0,0,0,1440,2063,NA,NA,NA,NA,NA
"152","1927972279",2016-05-10,0,0,0,1440,2063,NA,NA,NA,NA,NA
"153","1927972279",2016-05-11,0,0,0,1440,2063,NA,NA,NA,NA,NA
"154","1927972279",2016-05-12,0,0,0,966,1383,NA,NA,NA,NA,NA
"155","2022484408",2016-04-12,11875,8.34000015258789,283,1157,2390,NA,NA,NA,NA,NA
"156","2022484408",2016-04-13,12024,8.5,340,1100,2601,NA,NA,NA,NA,NA
"157","2022484408",2016-04-14,10690,7.5,292,1148,2312,NA,NA,NA,NA,NA
"158","2022484408",2016-04-15,11034,8.02999973297119,318,1122,2525,NA,NA,NA,NA,NA
"159","2022484408",2016-04-16,10100,7.09000015258789,203,1237,2177,NA,NA,NA,NA,NA
"160","2022484408",2016-04-17,15112,11.3999996185303,388,1052,2782,NA,NA,NA,NA,NA
"161","2022484408",2016-04-18,14131,10.0699996948242,362,1078,2770,NA,NA,NA,NA,NA
"162","2022484408",2016-04-19,11548,8.52999973297119,288,1152,2489,NA,NA,NA,NA,NA
"163","2022484408",2016-04-20,15112,10.6700000762939,387,1053,2897,NA,NA,NA,NA,NA
"164","2022484408",2016-04-21,12453,8.73999977111816,412,1028,3158,NA,NA,NA,NA,NA
"165","2022484408",2016-04-22,12954,9.32999992370605,335,1105,2638,NA,NA,NA,NA,NA
"166","2022484408",2016-04-23,6001,4.21000003814697,249,1191,2069,NA,NA,NA,NA,NA
"167","2022484408",2016-04-24,13481,10.2799997329712,279,1161,2529,NA,NA,NA,NA,NA
"168","2022484408",2016-04-25,11369,8.01000022888184,269,1171,2470,NA,NA,NA,NA,NA
"169","2022484408",2016-04-26,10119,7.19000005722046,354,1086,2793,NA,NA,NA,NA,NA
"170","2022484408",2016-04-27,10159,7.13000011444092,321,1119,2463,NA,NA,NA,NA,NA
"171","2022484408",2016-04-28,10140,7.11999988555908,317,1123,2296,NA,NA,NA,NA,NA
"172","2022484408",2016-04-29,10245,7.19000005722046,342,1098,2611,NA,NA,NA,NA,NA
"173","2022484408",2016-04-30,18387,12.9099998474121,397,1043,2732,NA,NA,NA,NA,NA
"174","2022484408",2016-05-01,10538,7.40000009536743,298,1142,2380,NA,NA,NA,NA,NA
"175","2022484408",2016-05-02,10379,7.28999996185303,321,1119,2473,NA,NA,NA,NA,NA
"176","2022484408",2016-05-03,12183,8.73999977111816,336,1104,2752,NA,NA,NA,NA,NA
"177","2022484408",2016-05-04,11768,8.28999996185303,335,1105,2649,NA,NA,NA,NA,NA
"178","2022484408",2016-05-05,11895,8.35000038146973,328,1112,2609,NA,NA,NA,NA,NA
"179","2022484408",2016-05-06,10227,7.17999982833862,336,1104,2498,NA,NA,NA,NA,NA
"180","2022484408",2016-05-07,6708,4.71000003814697,171,1269,1995,NA,NA,NA,NA,NA
"181","2022484408",2016-05-08,3292,2.30999994277954,135,1305,1848,NA,NA,NA,NA,NA
"182","2022484408",2016-05-09,13379,9.39000034332275,379,1061,2709,NA,NA,NA,NA,NA
"183","2022484408",2016-05-10,12798,8.97999954223633,356,1084,2797,NA,NA,NA,NA,NA
"184","2022484408",2016-05-11,13272,9.31999969482422,307,1133,2544,NA,NA,NA,NA,NA
"185","2022484408",2016-05-12,9117,6.40999984741211,268,728,1853,NA,NA,NA,NA,NA
"186","2026352035",2016-04-12,4414,2.74000000953674,192,706,1459,503,546,NA,NA,NA
"187","2026352035",2016-04-13,4993,3.09999990463257,238,663,1521,531,565,NA,NA,NA
"188","2026352035",2016-04-14,3335,2.0699999332428,197,653,1431,545,568,NA,NA,NA
"189","2026352035",2016-04-15,3821,2.36999988555908,188,687,1444,523,573,NA,NA,NA
"190","2026352035",2016-04-16,2547,1.58000004291534,150,728,1373,524,567,NA,NA,NA
"191","2026352035",2016-04-17,838,0.519999980926514,60,1053,1214,437,498,NA,NA,NA
"192","2026352035",2016-04-18,3325,2.05999994277954,182,1062,1419,NA,NA,NA,NA,NA
"193","2026352035",2016-04-19,2424,1.5,141,785,1356,498,540,NA,NA,NA
"194","2026352035",2016-04-20,7222,4.48000001907349,327,623,1667,461,510,NA,NA,NA
"195","2026352035",2016-04-21,2467,1.52999997138977,153,749,1370,477,514,NA,NA,NA
"196","2026352035",2016-04-22,2915,1.80999994277954,162,712,1399,520,545,NA,NA,NA
"197","2026352035",2016-04-23,12357,7.71000003814697,432,458,1916,522,554,NA,NA,NA
"198","2026352035",2016-04-24,3490,2.16000008583069,164,704,1401,555,591,NA,NA,NA
"199","2026352035",2016-04-25,6017,3.73000001907349,260,821,1576,506,531,NA,NA,NA
"200","2026352035",2016-04-26,5933,3.6800000667572,288,1018,1595,NA,NA,NA,NA,NA
"201","2026352035",2016-04-27,6088,3.76999998092651,286,586,1593,508,545,NA,NA,NA
"202","2026352035",2016-04-28,6375,3.95000004768372,331,626,1649,513,545,NA,NA,NA
"203","2026352035",2016-04-29,7604,4.71000003814697,352,492,1692,490,510,NA,NA,NA
"204","2026352035",2016-04-30,4729,2.9300000667572,233,594,1506,573,607,NA,NA,NA
"205","2026352035",2016-05-01,3609,2.27999997138977,191,716,1447,527,546,NA,NA,NA
"206","2026352035",2016-05-02,7018,4.34999990463257,355,716,1690,511,543,NA,NA,NA
"207","2026352035",2016-05-03,5992,3.72000002861023,304,981,1604,NA,NA,NA,NA,NA
"208","2026352035",2016-05-04,6564,4.07000017166138,345,530,1658,538,560,NA,NA,NA
"209","2026352035",2016-05-05,12167,7.53999996185303,475,479,1926,468,485,NA,NA,NA
"210","2026352035",2016-05-06,8198,5.07999992370605,383,511,1736,524,548,NA,NA,NA
"211","2026352035",2016-05-07,4193,2.59999990463257,229,665,1491,511,521,NA,NA,NA
"212","2026352035",2016-05-08,5528,3.45000004768372,258,610,1555,541,568,NA,NA,NA
"213","2026352035",2016-05-09,10685,6.61999988555908,401,543,1869,531,556,NA,NA,NA
"214","2026352035",2016-05-10,254,0.159999996423721,17,1002,1141,357,380,NA,NA,NA
"215","2026352035",2016-05-11,8580,5.32000017166138,330,569,1698,523,553,NA,NA,NA
"216","2026352035",2016-05-12,8891,5.51000022888184,343,330,1364,456,485,NA,NA,NA
"217","2320127002",2016-04-12,10725,7.48999977111816,328,1112,2124,NA,NA,NA,NA,NA
"218","2320127002",2016-04-13,7275,4.90000009536743,335,1105,2003,NA,NA,NA,NA,NA
"219","2320127002",2016-04-14,3973,2.6800000667572,191,1249,1696,NA,NA,NA,NA,NA
"220","2320127002",2016-04-15,5205,3.50999999046326,245,1195,1801,NA,NA,NA,NA,NA
"221","2320127002",2016-04-16,5057,3.41000008583069,195,1245,1724,NA,NA,NA,NA,NA
"222","2320127002",2016-04-17,6198,4.17999982833862,249,1191,1852,NA,NA,NA,NA,NA
"223","2320127002",2016-04-18,6559,4.42000007629395,267,1173,1905,NA,NA,NA,NA,NA
"224","2320127002",2016-04-19,5997,4.03999996185303,239,1201,1811,NA,NA,NA,NA,NA
"225","2320127002",2016-04-20,7192,4.84999990463257,294,1146,1922,NA,NA,NA,NA,NA
"226","2320127002",2016-04-21,3404,2.28999996185303,138,1302,1610,NA,NA,NA,NA,NA
"227","2320127002",2016-04-22,5583,3.75999999046326,266,1174,1851,NA,NA,NA,NA,NA
"228","2320127002",2016-04-23,5079,3.42000007629395,242,1129,1804,61,69,NA,NA,NA
"229","2320127002",2016-04-24,4165,2.80999994277954,204,1236,1725,NA,NA,NA,NA,NA
"230","2320127002",2016-04-25,3588,2.42000007629395,160,1280,1654,NA,NA,NA,NA,NA
"231","2320127002",2016-04-26,3409,2.29999995231628,147,1293,1632,NA,NA,NA,NA,NA
"232","2320127002",2016-04-27,1715,1.1599999666214,82,1358,1481,NA,NA,NA,NA,NA
"233","2320127002",2016-04-28,1532,1.02999997138977,76,1364,1473,NA,NA,NA,NA,NA
"234","2320127002",2016-04-29,924,0.620000004768372,45,1395,1410,NA,NA,NA,NA,NA
"235","2320127002",2016-04-30,4571,3.07999992370605,234,1206,1779,NA,NA,NA,NA,NA
"236","2320127002",2016-05-01,772,0.519999980926514,40,1400,1403,NA,NA,NA,NA,NA
"237","2320127002",2016-05-02,3634,2.45000004768372,134,1306,1613,NA,NA,NA,NA,NA
"238","2320127002",2016-05-03,7443,5.01999998092651,236,1204,1878,NA,NA,NA,NA,NA
"239","2320127002",2016-05-04,1201,0.810000002384186,52,1388,1426,NA,NA,NA,NA,NA
"240","2320127002",2016-05-05,5202,3.50999999046326,234,1206,1780,NA,NA,NA,NA,NA
"241","2320127002",2016-05-06,4878,3.28999996185303,204,1236,1742,NA,NA,NA,NA,NA
"242","2320127002",2016-05-07,7379,4.96999979019165,319,1121,1972,NA,NA,NA,NA,NA
"243","2320127002",2016-05-08,5161,3.48000001907349,247,1193,1821,NA,NA,NA,NA,NA
"244","2320127002",2016-05-09,3090,2.07999992370605,145,1295,1630,NA,NA,NA,NA,NA
"245","2320127002",2016-05-10,6227,4.19999980926514,290,1150,1899,NA,NA,NA,NA,NA
"246","2320127002",2016-05-11,6424,4.32999992370605,300,1140,1903,NA,NA,NA,NA,NA
"247","2320127002",2016-05-12,2661,1.78999996185303,128,830,1125,NA,NA,NA,NA,NA
"248","2347167796",2016-04-12,10113,6.82999992370605,361,964,2344,NA,NA,NA,NA,NA
"249","2347167796",2016-04-13,10352,7.01000022888184,246,676,2038,467,531,NA,NA,NA
"250","2347167796",2016-04-14,10129,6.69999980926514,255,705,2010,445,489,NA,NA,NA
"251","2347167796",2016-04-15,10465,6.92000007629395,309,720,2133,452,504,NA,NA,NA
"252","2347167796",2016-04-16,22244,15.0799999237061,406,968,2670,NA,NA,NA,NA,NA
"253","2347167796",2016-04-17,5472,3.61999988555908,257,508,1882,556,602,NA,NA,NA
"254","2347167796",2016-04-18,8247,5.44999980926514,233,678,1944,500,557,NA,NA,NA
"255","2347167796",2016-04-19,6711,4.44000005722046,389,648,2346,465,514,NA,NA,NA
"256","2347167796",2016-04-20,10999,7.26999998092651,323,1011,2198,NA,NA,NA,NA,NA
"257","2347167796",2016-04-21,10080,6.75,257,761,2048,460,484,NA,NA,NA
"258","2347167796",2016-04-22,7804,5.15999984741211,242,781,1946,405,461,NA,NA,NA
"259","2347167796",2016-04-23,16901,11.3699998855591,427,591,2629,374,386,NA,NA,NA
"260","2347167796",2016-04-24,9471,6.26000022888184,360,584,2187,442,459,NA,NA,NA
"261","2347167796",2016-04-25,9482,6.38000011444092,303,653,2095,433,471,NA,NA,NA
"262","2347167796",2016-04-26,5980,3.95000004768372,227,732,1861,436,490,NA,NA,NA
"263","2347167796",2016-04-27,11423,7.57999992370605,330,623,2194,448,499,NA,NA,NA
"264","2347167796",2016-04-28,5439,3.59999990463257,229,764,1854,408,450,NA,NA,NA
"265","2347167796",2016-04-29,42,0.0299999993294477,4,2,403,411,473,NA,NA,NA
"266","2873212765",2016-04-12,8796,5.90999984741211,379,1061,1982,NA,NA,NA,NA,NA
"267","2873212765",2016-04-13,7618,5.11999988555908,412,1028,2004,NA,NA,NA,NA,NA
"268","2873212765",2016-04-14,7910,5.32000017166138,331,1109,1893,NA,NA,NA,NA,NA
"269","2873212765",2016-04-15,8482,5.69999980926514,448,992,2063,NA,NA,NA,NA,NA
"270","2873212765",2016-04-16,9685,6.65000009536743,353,1087,2148,NA,NA,NA,NA,NA
"271","2873212765",2016-04-17,2524,1.70000004768372,168,1272,1529,NA,NA,NA,NA,NA
"272","2873212765",2016-04-18,7762,5.23999977111816,318,1122,1890,NA,NA,NA,NA,NA
"273","2873212765",2016-04-19,7948,5.36999988555908,389,1051,1956,NA,NA,NA,NA,NA
"274","2873212765",2016-04-20,9202,6.30000019073486,405,1035,2094,NA,NA,NA,NA,NA
"275","2873212765",2016-04-21,8859,5.98000001907349,383,1057,1970,NA,NA,56.70000076,21.45,"YES"
"276","2873212765",2016-04-22,7286,4.90000009536743,412,1028,2241,NA,NA,NA,NA,NA
"277","2873212765",2016-04-23,9317,6.34999990463257,363,1077,2021,NA,NA,NA,NA,NA
"278","2873212765",2016-04-24,6873,4.67999982833862,237,1203,1898,NA,NA,NA,NA,NA
"279","2873212765",2016-04-25,7373,4.94999980926514,359,1081,1907,NA,NA,NA,NA,NA
"280","2873212765",2016-04-26,8242,5.53999996185303,316,1124,1882,NA,NA,NA,NA,NA
"281","2873212765",2016-04-27,3516,2.35999989509583,243,1197,1966,NA,NA,NA,NA,NA
"282","2873212765",2016-04-28,7913,5.40999984741211,248,1192,1835,NA,NA,NA,NA,NA
"283","2873212765",2016-04-29,7365,4.94999980926514,249,1191,1780,NA,NA,NA,NA,NA
"284","2873212765",2016-04-30,8452,5.67999982833862,273,1167,1830,NA,NA,NA,NA,NA
"285","2873212765",2016-05-01,7399,4.96999979019165,221,1219,1739,NA,NA,NA,NA,NA
"286","2873212765",2016-05-02,7525,5.05999994277954,341,1099,1878,NA,NA,NA,NA,NA
"287","2873212765",2016-05-03,7412,4.98000001907349,370,1070,1906,NA,NA,NA,NA,NA
"288","2873212765",2016-05-04,8278,5.55999994277954,420,1020,2015,NA,NA,NA,NA,NA
"289","2873212765",2016-05-05,8314,5.6100001335144,347,1093,1971,NA,NA,NA,NA,NA
"290","2873212765",2016-05-06,7063,4.75,375,1065,1910,NA,NA,NA,NA,NA
"291","2873212765",2016-05-07,4940,3.38000011444092,138,1302,1897,NA,NA,NA,NA,NA
"292","2873212765",2016-05-08,8168,5.53999996185303,372,1068,2096,NA,NA,NA,NA,NA
"293","2873212765",2016-05-09,7726,5.19000005722046,345,1095,1906,NA,NA,NA,NA,NA
"294","2873212765",2016-05-10,8275,5.55999994277954,373,1067,1962,NA,NA,NA,NA,NA
"295","2873212765",2016-05-11,6440,4.32999992370605,319,1121,1826,NA,NA,NA,NA,NA
"296","2873212765",2016-05-12,7566,5.1100001335144,268,720,1431,NA,NA,57.29999924,21.69,"YES"
"297","3372868164",2016-04-12,4747,3.24000000953674,280,1160,1788,NA,NA,NA,NA,NA
"298","3372868164",2016-04-13,9715,6.63000011444092,395,1045,2093,NA,NA,NA,NA,NA
"299","3372868164",2016-04-14,8844,6.03000020980835,401,1039,2065,NA,NA,NA,NA,NA
"300","3372868164",2016-04-15,7451,5.07999992370605,335,1105,1908,NA,NA,NA,NA,NA
"301","3372868164",2016-04-16,6905,4.73000001907349,356,1084,1908,NA,NA,NA,NA,NA
"302","3372868164",2016-04-17,8199,5.88000011444092,335,1105,1964,NA,NA,NA,NA,NA
"303","3372868164",2016-04-18,6798,4.6399998664856,370,1070,2014,NA,NA,NA,NA,NA
"304","3372868164",2016-04-19,7711,5.26000022888184,376,1064,1985,NA,NA,NA,NA,NA
"305","3372868164",2016-04-20,4880,3.32999992370605,292,1148,1867,NA,NA,NA,NA,NA
"306","3372868164",2016-04-21,8857,6.07000017166138,403,1037,2124,NA,NA,NA,NA,NA
"307","3372868164",2016-04-22,3843,2.61999988555908,206,1234,1669,NA,NA,NA,NA,NA
"308","3372868164",2016-04-23,7396,5.07000017166138,325,1115,1995,NA,NA,NA,NA,NA
"309","3372868164",2016-04-24,6731,4.59000015258789,313,1127,1921,NA,NA,NA,NA,NA
"310","3372868164",2016-04-25,5995,4.09000015258789,416,1024,2010,NA,NA,NA,NA,NA
"311","3372868164",2016-04-26,8283,5.78999996185303,357,1083,2057,NA,NA,NA,NA,NA
"312","3372868164",2016-04-27,7904,5.42000007629395,383,1057,2095,NA,NA,NA,NA,NA
"313","3372868164",2016-04-28,5512,3.75999999046326,385,1055,1972,NA,NA,NA,NA,NA
"314","3372868164",2016-04-29,9135,6.23000001907349,402,1038,2044,NA,NA,NA,NA,NA
"315","3372868164",2016-04-30,5250,3.57999992370605,321,1119,1946,NA,NA,NA,NA,NA
"316","3372868164",2016-05-01,3077,2.09999990463257,172,842,1237,NA,NA,NA,NA,NA
"317","3977333714",2016-04-12,8856,5.98000001907349,194,777,1450,274,469,NA,NA,NA
"318","3977333714",2016-04-13,10035,6.71000003814697,230,754,1495,295,456,NA,NA,NA
"319","3977333714",2016-04-14,7641,5.1100001335144,242,801,1433,291,397,NA,NA,NA
"320","3977333714",2016-04-15,9010,6.05999994277954,240,644,1468,424,556,NA,NA,NA
"321","3977333714",2016-04-16,13459,9,267,663,1625,283,510,NA,NA,NA
"322","3977333714",2016-04-17,10415,6.96999979019165,274,600,1529,381,566,NA,NA,NA
"323","3977333714",2016-04-18,11663,7.80000019073486,313,605,1584,412,522,NA,NA,NA
"324","3977333714",2016-04-19,12414,8.77999973297119,307,738,1638,219,395,NA,NA,NA
"325","3977333714",2016-04-20,11658,7.82999992370605,264,845,1554,152,305,NA,NA,NA
"326","3977333714",2016-04-21,6093,4.07999992370605,242,712,1397,332,512,NA,NA,NA
"327","3977333714",2016-04-22,8911,5.96000003814697,233,731,1481,355,476,NA,NA,NA
"328","3977333714",2016-04-23,12058,8.06999969482422,344,724,1638,235,372,NA,NA,NA
"329","3977333714",2016-04-24,14112,10,254,660,1655,310,526,NA,NA,NA
"330","3977333714",2016-04-25,11177,8.47999954223633,192,781,1570,262,467,NA,NA,NA
"331","3977333714",2016-04-26,11388,7.61999988555908,272,797,1551,250,371,NA,NA,NA
"332","3977333714",2016-04-27,7193,5.03999996185303,186,714,1377,349,540,NA,NA,NA
"333","3977333714",2016-04-28,7114,4.88000011444092,213,804,1407,261,423,NA,NA,NA
"334","3977333714",2016-04-29,10645,7.75,218,744,1545,333,478,NA,NA,NA
"335","3977333714",2016-04-30,13238,9.19999980926514,289,687,1650,237,382,NA,NA,NA
"336","3977333714",2016-05-01,10414,7.07000017166138,205,691,1501,383,626,NA,NA,NA
"337","3977333714",2016-05-02,16520,11.0500001907349,343,713,1760,230,384,NA,NA,NA
"338","3977333714",2016-05-03,14335,9.59000015258789,346,594,1710,292,500,NA,NA,NA
"339","3977333714",2016-05-04,13559,9.4399995803833,252,852,1628,213,336,NA,NA,NA
"340","3977333714",2016-05-05,12312,8.57999992370605,280,680,1618,318,480,NA,NA,NA
"341","3977333714",2016-05-06,11677,8.27999973297119,252,676,1590,323,512,NA,NA,NA
"342","3977333714",2016-05-07,11550,7.73000001907349,294,703,1574,237,443,NA,NA,NA
"343","3977333714",2016-05-08,13585,9.09000015258789,296,688,1633,259,456,NA,NA,NA
"344","3977333714",2016-05-09,14687,10.0799999237061,281,1159,1667,NA,NA,NA,NA,NA
"345","3977333714",2016-05-10,13072,8.77999973297119,312,676,1630,312,452,NA,NA,NA
"346","3977333714",2016-05-11,746,0.5,13,13,52,NA,NA,NA,NA,NA
"347","4020332650",2016-04-12,8539,6.11999988555908,350,712,3654,501,541,NA,NA,NA
"348","4020332650",2016-04-13,0,0,0,1440,1981,NA,NA,NA,NA,NA
"349","4020332650",2016-04-14,108,0.0799999982118607,3,1437,2011,NA,NA,NA,NA,NA
"350","4020332650",2016-04-15,1882,1.35000002384186,141,1299,2951,NA,NA,NA,NA,NA
"351","4020332650",2016-04-16,1982,1.41999995708466,141,1222,3051,77,77,NA,NA,NA
"352","4020332650",2016-04-17,16,0.00999999977648258,2,1438,1990,NA,NA,NA,NA,NA
"353","4020332650",2016-04-18,62,0.0399999991059303,2,1438,1995,NA,NA,NA,NA,NA
"354","4020332650",2016-04-19,0,0,0,1440,1980,NA,NA,NA,NA,NA
"355","4020332650",2016-04-20,0,0,0,1440,1980,NA,NA,NA,NA,NA
"356","4020332650",2016-04-21,0,0,0,1440,1980,NA,NA,NA,NA,NA
"357","4020332650",2016-04-22,0,0,0,1440,1980,NA,NA,NA,NA,NA
"358","4020332650",2016-04-23,0,0,0,1440,1980,NA,NA,NA,NA,NA
"359","4020332650",2016-04-24,0,0,0,1440,1980,NA,NA,NA,NA,NA
"360","4020332650",2016-04-25,0,0,0,1440,1980,NA,NA,NA,NA,NA
"361","4020332650",2016-04-26,0,0,0,1440,1980,NA,NA,NA,NA,NA
"362","4020332650",2016-04-27,0,0,0,1440,1980,NA,NA,NA,NA,NA
"363","4020332650",2016-04-28,0,0,0,1440,1980,NA,NA,NA,NA,NA
"364","4020332650",2016-04-29,0,0,0,1440,1980,NA,NA,NA,NA,NA
"365","4020332650",2016-04-30,0,0,0,1440,1980,NA,NA,NA,NA,NA
"366","4020332650",2016-05-01,0,0,0,1440,1980,NA,NA,NA,NA,NA
"367","4020332650",2016-05-02,475,0.340000003576279,42,1350,2207,NA,NA,NA,NA,NA
"368","4020332650",2016-05-03,4496,3.22000002861023,174,950,2828,322,332,NA,NA,NA
"369","4020332650",2016-05-04,10252,7.34999990463257,405,531,3879,478,536,NA,NA,NA
"370","4020332650",2016-05-05,11728,8.43000030517578,276,916,3429,226,248,NA,NA,NA
"371","4020332650",2016-05-06,4369,3.13000011444092,177,855,2704,385,408,NA,NA,NA
"372","4020332650",2016-05-07,6132,4.40000009536743,184,1256,2975,NA,NA,NA,NA,NA
"373","4020332650",2016-05-08,5862,4.19999980926514,263,775,3089,364,402,NA,NA,NA
"374","4020332650",2016-05-09,4556,3.26999998092651,181,1225,2785,NA,NA,NA,NA,NA
"375","4020332650",2016-05-10,5546,3.98000001907349,206,774,2926,442,494,NA,NA,NA
"376","4020332650",2016-05-11,3689,2.65000009536743,144,1296,2645,NA,NA,NA,NA,NA
"377","4020332650",2016-05-12,590,0.419999986886978,21,721,1120,NA,NA,NA,NA,NA
"378","4057192912",2016-04-12,5394,4.03000020980835,164,1276,2286,NA,NA,NA,NA,NA
"379","4057192912",2016-04-13,5974,4.46999979019165,160,1280,2306,NA,NA,NA,NA,NA
"380","4057192912",2016-04-14,0,0,0,1440,1776,NA,NA,NA,NA,NA
"381","4057192912",2016-04-15,3984,2.95000004768372,97,873,1527,NA,NA,NA,NA,NA
"382","4319703577",2016-04-12,7753,5.19999980926514,0,1440,2115,NA,NA,NA,NA,NA
"383","4319703577",2016-04-13,8204,5.5,119,1234,2135,NA,NA,NA,NA,NA
"384","4319703577",2016-04-14,10210,6.88000011444092,349,589,2302,535,557,NA,NA,NA
"385","4319703577",2016-04-15,5664,3.79999995231628,228,752,1985,465,491,NA,NA,NA
"386","4319703577",2016-04-16,4744,3.1800000667572,194,724,1884,506,522,NA,NA,NA
"387","4319703577",2016-04-17,29,0.0199999995529652,3,1363,1464,NA,NA,72.40000153,27.45,"NO"
"388","4319703577",2016-04-18,2276,1.54999995231628,68,824,1632,515,551,NA,NA,NA
"389","4319703577",2016-04-19,8925,5.98999977111816,311,604,2200,461,498,NA,NA,NA
"390","4319703577",2016-04-20,8954,6.01000022888184,324,671,2220,523,543,NA,NA,NA
"391","4319703577",2016-04-21,3702,2.48000001907349,34,1265,1792,59,65,NA,NA,NA
"392","4319703577",2016-04-22,4500,3.01999998092651,196,709,1886,533,550,NA,NA,NA
"393","4319703577",2016-04-23,4935,3.30999994277954,233,546,1945,692,722,NA,NA,NA
"394","4319703577",2016-04-24,4081,2.74000000953674,197,692,1880,467,501,NA,NA,NA
"395","4319703577",2016-04-25,9259,6.21000003814697,398,544,2314,488,506,NA,NA,NA
"396","4319703577",2016-04-26,9899,6.6399998664856,317,649,2236,505,516,NA,NA,NA
"397","4319703577",2016-04-27,10780,7.23000001907349,353,680,2324,286,307,NA,NA,NA
"398","4319703577",2016-04-28,10817,7.28000020980835,380,552,2367,497,522,NA,NA,NA
"399","4319703577",2016-04-29,7990,5.3600001335144,313,624,2175,523,546,NA,NA,NA
"400","4319703577",2016-04-30,8221,5.51999998092651,240,695,2092,490,516,NA,NA,NA
"401","4319703577",2016-05-01,1251,0.839999973773956,67,836,1593,484,500,NA,NA,NA
"402","4319703577",2016-05-02,9261,6.23999977111816,355,585,2270,478,506,NA,NA,NA
"403","4319703577",2016-05-03,9648,6.46999979019165,321,669,2235,474,512,NA,NA,NA
"404","4319703577",2016-05-04,10429,7.01999998092651,334,1106,2282,NA,NA,72.30000305,27.38,"NO"
"405","4319703577",2016-05-05,13658,9.48999977111816,389,957,2530,NA,NA,NA,NA,NA
"406","4319703577",2016-05-06,9524,6.42000007629395,331,692,2266,450,491,NA,NA,NA
"407","4319703577",2016-05-07,7937,5.32999992370605,310,586,2158,507,530,NA,NA,NA
"408","4319703577",2016-05-08,3672,2.46000003814697,153,603,1792,602,638,NA,NA,NA
"409","4319703577",2016-05-09,10378,6.96000003814697,390,490,2345,535,565,NA,NA,NA
"410","4319703577",2016-05-10,9487,6.36999988555908,344,555,2260,487,517,NA,NA,NA
"411","4319703577",2016-05-11,9129,6.13000011444092,332,574,2232,529,558,NA,NA,NA
"412","4319703577",2016-05-12,17,0.00999999977648258,2,0,257,302,321,NA,NA,NA
"413","4388161847",2016-04-12,10122,7.78000020980835,0,1440,2955,NA,NA,NA,NA,NA
"414","4388161847",2016-04-13,10993,8.44999980926514,165,1275,3092,NA,NA,NA,NA,NA
"415","4388161847",2016-04-14,8863,6.82000017166138,264,945,2998,NA,NA,NA,NA,NA
"416","4388161847",2016-04-15,8758,6.73000001907349,299,837,3066,499,526,NA,NA,NA
"417","4388161847",2016-04-16,6580,5.05999994277954,268,609,3073,426,448,NA,NA,NA
"418","4388161847",2016-04-17,4660,3.57999992370605,201,721,2572,619,641,NA,NA,NA
"419","4388161847",2016-04-18,11009,9.10000038146973,274,1017,3274,99,104,NA,NA,NA
"420","4388161847",2016-04-19,10181,7.82999992370605,285,704,3015,329,338,NA,NA,NA
"421","4388161847",2016-04-20,10553,8.11999988555908,289,696,3083,421,451,NA,NA,NA
"422","4388161847",2016-04-21,10055,7.73000001907349,291,853,3069,442,458,NA,NA,NA
"423","4388161847",2016-04-22,12139,9.34000015258789,322,945,3544,82,85,NA,NA,NA
"424","4388161847",2016-04-23,13236,10.1800003051758,278,749,3306,478,501,NA,NA,NA
"425","4388161847",2016-04-24,10243,7.88000011444092,261,584,2885,552,595,NA,NA,NA
"426","4388161847",2016-04-25,12961,9.97000026702881,343,1054,3288,NA,NA,NA,NA,NA
"427","4388161847",2016-04-26,9461,7.28000020980835,261,673,2929,319,346,NA,NA,NA
"428","4388161847",2016-04-27,11193,8.60999965667725,300,684,3074,439,500,NA,NA,NA
"429","4388161847",2016-04-28,10074,7.75,262,878,2969,428,458,NA,NA,NA
"430","4388161847",2016-04-29,9232,7.09999990463257,265,1175,2979,NA,NA,NA,NA,NA
"431","4388161847",2016-04-30,12533,9.64000034332275,357,537,3283,409,430,NA,NA,NA
"432","4388161847",2016-05-01,10255,7.8899998664856,268,579,2926,547,597,NA,NA,NA
"433","4388161847",2016-05-02,10096,8.39999961853027,241,935,3147,368,376,NA,NA,NA
"434","4388161847",2016-05-03,12727,9.78999996185303,342,984,3290,NA,NA,NA,NA,NA
"435","4388161847",2016-05-04,12375,9.52000045776367,307,632,3162,390,414,NA,NA,NA
"436","4388161847",2016-05-05,9603,7.38000011444092,250,896,2899,471,495,NA,NA,NA
"437","4388161847",2016-05-05,9603,7.38000011444092,250,896,2899,471,495,NA,NA,NA
"438","4388161847",2016-05-06,13175,10.1300001144409,340,1100,3425,NA,NA,NA,NA,NA
"439","4388161847",2016-05-07,22770,17.5400009155273,436,508,4022,472,496,NA,NA,NA
"440","4388161847",2016-05-08,17298,14.3800001144409,323,576,3934,529,541,NA,NA,NA
"441","4388161847",2016-05-09,10218,7.8600001335144,283,1020,3013,62,65,NA,NA,NA
"442","4388161847",2016-05-10,10299,7.92000007629395,294,648,3061,354,375,NA,NA,NA
"443","4388161847",2016-05-11,10201,7.84000015258789,282,858,2954,469,494,NA,NA,NA
"444","4388161847",2016-05-12,3369,2.58999991416931,108,825,1623,NA,NA,NA,NA,NA
"445","4445114986",2016-04-12,3276,2.20000004768372,196,787,2113,429,457,NA,NA,NA
"446","4445114986",2016-04-13,2961,1.99000000953674,194,840,2095,370,406,NA,NA,NA
"447","4445114986",2016-04-14,3974,2.67000007629395,231,717,2194,441,492,NA,NA,NA
"448","4445114986",2016-04-15,7198,4.82999992370605,350,711,2496,337,379,NA,NA,NA
"449","4445114986",2016-04-16,3945,2.65000009536743,225,716,2180,462,499,NA,NA,NA
"450","4445114986",2016-04-17,2268,1.51999998092651,114,1219,1933,98,107,NA,NA,NA
"451","4445114986",2016-04-18,6155,4.23999977111816,193,1247,2248,NA,NA,NA,NA,NA
"452","4445114986",2016-04-19,2064,1.38999998569489,121,895,1954,388,424,NA,NA,NA
"453","4445114986",2016-04-20,2072,1.38999998569489,137,841,1974,439,462,NA,NA,NA
"454","4445114986",2016-04-21,3809,2.55999994277954,215,756,2150,436,469,NA,NA,NA
"455","4445114986",2016-04-22,6831,4.57999992370605,317,706,2432,388,417,NA,NA,NA
"456","4445114986",2016-04-23,4363,2.9300000667572,201,1239,2149,NA,NA,NA,NA,NA
"457","4445114986",2016-04-24,5002,3.35999989509583,244,1196,2247,NA,NA,NA,NA,NA
"458","4445114986",2016-04-25,3385,2.26999998092651,179,916,2070,328,345,NA,NA,NA
"459","4445114986",2016-04-26,6326,4.40999984741211,210,839,2291,353,391,NA,NA,NA
"460","4445114986",2016-04-27,7243,5.03000020980835,227,839,2361,332,374,NA,NA,NA
"461","4445114986",2016-04-28,4493,3.00999999046326,236,762,2203,419,442,NA,NA,NA
"462","4445114986",2016-04-29,4676,3.14000010490417,226,1106,2196,106,108,NA,NA,NA
"463","4445114986",2016-04-30,6222,4.17999982833862,290,797,2363,322,353,NA,NA,NA
"464","4445114986",2016-05-01,5232,3.50999999046326,240,741,2246,439,459,NA,NA,NA
"465","4445114986",2016-05-02,6910,4.75,231,667,2336,502,542,NA,NA,NA
"466","4445114986",2016-05-03,7502,5.17999982833862,265,725,2421,417,450,NA,NA,NA
"467","4445114986",2016-05-04,2923,1.96000003814697,180,897,2070,337,363,NA,NA,NA
"468","4445114986",2016-05-05,3800,2.54999995231628,193,734,2120,462,513,NA,NA,NA
"469","4445114986",2016-05-06,4514,3.02999997138977,229,809,2211,374,402,NA,NA,NA
"470","4445114986",2016-05-07,5183,3.58999991416931,138,866,2123,401,436,NA,NA,NA
"471","4445114986",2016-05-08,7303,4.90000009536743,316,733,2423,361,391,NA,NA,NA
"472","4445114986",2016-05-09,5275,3.53999996185303,266,641,2281,457,533,NA,NA,NA
"473","4445114986",2016-05-10,3915,2.63000011444092,231,783,2181,405,426,NA,NA,NA
"474","4445114986",2016-05-11,9105,6.1100001335144,288,622,2499,499,530,NA,NA,NA
"475","4445114986",2016-05-12,768,0.519999980926514,58,380,1212,483,501,NA,NA,NA
"476","4558609924",2016-04-12,5135,3.39000010490417,318,1122,1909,NA,NA,NA,NA,NA
"477","4558609924",2016-04-13,4978,3.28999996185303,153,1287,1722,NA,NA,NA,NA,NA
"478","4558609924",2016-04-14,6799,4.48999977111816,279,1161,1922,NA,NA,NA,NA,NA
"479","4558609924",2016-04-15,7795,5.15000009536743,309,1131,2121,NA,NA,NA,NA,NA
"480","4558609924",2016-04-16,7289,4.82000017166138,328,1112,1997,NA,NA,NA,NA,NA
"481","4558609924",2016-04-17,9634,6.40000009536743,330,1110,2117,NA,NA,NA,NA,NA
"482","4558609924",2016-04-18,8940,5.90999984741211,360,1080,2116,NA,NA,69.69999695,27.25,"NO"
"483","4558609924",2016-04-19,5401,3.5699999332428,258,1182,1876,NA,NA,NA,NA,NA
"484","4558609924",2016-04-20,4803,3.17000007629395,222,1218,1788,NA,NA,NA,NA,NA
"485","4558609924",2016-04-21,13743,9.07999992370605,459,844,2486,126,137,NA,NA,NA
"486","4558609924",2016-04-22,9601,6.34999990463257,318,1122,2094,NA,NA,NA,NA,NA
"487","4558609924",2016-04-23,6890,4.55000019073486,318,1122,2085,NA,NA,NA,NA,NA
"488","4558609924",2016-04-24,8563,5.65999984741211,395,1045,2173,NA,NA,NA,NA,NA
"489","4558609924",2016-04-25,8095,5.34999990463257,368,993,2225,NA,NA,70.30000305,27.46,"NO"
"490","4558609924",2016-04-26,9148,6.05000019073486,336,1062,2223,103,121,NA,NA,NA
"491","4558609924",2016-04-27,9557,6.32000017166138,353,1087,2098,NA,NA,NA,NA,NA
"492","4558609924",2016-04-28,9451,6.25,379,985,2185,NA,NA,NA,NA,NA
"493","4558609924",2016-04-29,7833,5.17999982833862,241,1096,1918,171,179,NA,NA,NA
"494","4558609924",2016-04-30,10319,6.82000017166138,329,1111,2105,NA,NA,NA,NA,NA
"495","4558609924",2016-05-01,3428,2.26999998092651,190,1121,1692,115,129,69.90000153,27.32,"NO"
"496","4558609924",2016-05-02,7891,5.21999979019165,383,1057,2066,NA,NA,69.19999695,27.04,"NO"
"497","4558609924",2016-05-03,5267,3.48000001907349,268,1172,1953,NA,NA,NA,NA,NA
"498","4558609924",2016-05-04,5232,3.46000003814697,252,1188,1842,NA,NA,NA,NA,NA
"499","4558609924",2016-05-05,10611,7.01000022888184,392,1048,2262,NA,NA,NA,NA,NA
"500","4558609924",2016-05-06,3755,2.48000001907349,202,1238,1722,NA,NA,NA,NA,NA
"501","4558609924",2016-05-07,8237,5.44000005722046,272,1116,1973,NA,NA,NA,NA,NA
"502","4558609924",2016-05-08,6543,4.32999992370605,339,1019,2666,123,134,NA,NA,NA
"503","4558609924",2016-05-09,11451,7.57000017166138,375,1065,2223,NA,NA,69.09999847,27,"NO"
"504","4558609924",2016-05-10,6435,4.25,249,1191,1889,NA,NA,NA,NA,NA
"505","4558609924",2016-05-11,9108,6.01999998092651,359,1081,2131,NA,NA,NA,NA,NA
"506","4558609924",2016-05-12,6307,4.17000007629395,247,736,1452,NA,NA,NA,NA,NA
"507","4702921684",2016-04-12,7213,5.88000011444092,263,718,2947,425,439,NA,NA,NA
"508","4702921684",2016-04-13,6877,5.57999992370605,258,777,2898,400,430,NA,NA,NA
"509","4702921684",2016-04-14,7860,6.36999988555908,271,772,2984,384,415,NA,NA,NA
"510","4702921684",2016-04-15,6506,5.28000020980835,265,944,2896,253,257,NA,NA,NA
"511","4702921684",2016-04-16,11140,9.02999973297119,362,556,3328,382,406,NA,NA,NA
"512","4702921684",2016-04-17,12692,10.289999961853,380,437,3394,591,612,NA,NA,NA
"513","4702921684",2016-04-18,9105,7.38000011444092,243,890,3013,293,312,NA,NA,NA
"514","4702921684",2016-04-19,6708,5.44000005722046,197,757,2812,457,487,NA,NA,NA
"515","4702921684",2016-04-20,8793,7.13000011444092,291,717,3061,454,468,NA,NA,NA
"516","4702921684",2016-04-21,6530,5.30000019073486,189,901,2729,425,434,NA,NA,NA
"517","4702921684",2016-04-22,1664,1.35000002384186,72,1341,2241,NA,NA,NA,NA,NA
"518","4702921684",2016-04-23,15126,12.2700004577637,483,469,3691,465,475,NA,NA,NA
"519","4702921684",2016-04-24,15050,12.2200002670288,391,542,3538,480,506,NA,NA,NA
"520","4702921684",2016-04-25,9167,7.42999982833862,291,730,3064,370,380,NA,NA,NA
"521","4702921684",2016-04-26,6108,4.94999980926514,225,765,2784,421,429,NA,NA,NA
"522","4702921684",2016-04-27,7047,5.71999979019165,255,733,2908,432,449,NA,NA,NA
"523","4702921684",2016-04-28,9023,7.32000017166138,255,738,3033,442,461,NA,NA,NA
"524","4702921684",2016-04-29,9930,8.05000019073486,298,692,3165,433,447,NA,NA,NA
"525","4702921684",2016-04-30,10144,8.22999954223633,303,728,3115,479,501,NA,NA,NA
"526","4702921684",2016-05-01,0,0,0,1440,2017,NA,NA,NA,NA,NA
"527","4702921684",2016-05-02,7245,5.92000007629395,240,1131,2859,NA,NA,NA,NA,NA
"528","4702921684",2016-05-03,9454,7.67000007629395,313,729,3145,327,373,NA,NA,NA
"529","4702921684",2016-05-04,8161,6.61999988555908,270,757,3004,412,434,NA,NA,NA
"530","4702921684",2016-05-05,8614,6.98999977111816,254,745,3006,414,428,NA,NA,NA
"531","4702921684",2016-05-06,6943,5.63000011444092,224,682,2859,404,449,NA,NA,NA
"532","4702921684",2016-05-07,14370,11.6499996185303,490,577,3683,520,543,NA,NA,NA
"533","4702921684",2016-05-07,14370,11.6499996185303,490,577,3683,520,543,NA,NA,NA
"534","4702921684",2016-05-08,12857,10.4300003051758,326,1019,3287,NA,NA,NA,NA,NA
"535","4702921684",2016-05-09,8232,6.67999982833862,265,746,2990,435,458,NA,NA,NA
"536","4702921684",2016-05-10,10613,8.60999965667725,300,701,3172,416,431,NA,NA,NA
"537","4702921684",2016-05-11,9810,7.96000003814697,286,784,3069,354,366,NA,NA,NA
"538","4702921684",2016-05-12,2752,2.23000001907349,68,241,1240,404,442,NA,NA,NA
"539","5553957443",2016-04-12,11596,7.57000017166138,309,767,2026,441,464,NA,NA,NA
"540","5553957443",2016-04-13,4832,3.16000008583069,226,647,1718,455,488,NA,NA,NA
"541","5553957443",2016-04-14,17022,11.1199998855591,358,693,2324,357,418,NA,NA,NA
"542","5553957443",2016-04-15,16556,10.8599996566772,335,689,2254,377,409,NA,NA,NA
"543","5553957443",2016-04-16,5771,3.76999998092651,288,521,1831,651,686,NA,NA,NA
"544","5553957443",2016-04-17,655,0.430000007152557,46,943,1397,350,402,NA,NA,NA
"545","5553957443",2016-04-18,3727,2.4300000667572,206,622,1683,520,541,NA,NA,NA
"546","5553957443",2016-04-19,15482,10.1099996566772,346,756,2284,357,410,NA,NA,NA
"547","5553957443",2016-04-20,2713,1.76999998092651,148,598,1570,658,678,NA,NA,NA
"548","5553957443",2016-04-21,12346,8.0600004196167,266,801,2066,399,431,NA,NA,NA
"549","5553957443",2016-04-22,11682,7.63000011444092,311,781,2105,322,353,NA,NA,NA
"550","5553957443",2016-04-23,4112,2.69000005722046,272,443,1776,631,725,NA,NA,NA
"551","5553957443",2016-04-24,1807,1.17999994754791,104,582,1507,553,640,NA,NA,NA
"552","5553957443",2016-04-25,10946,7.19000005722046,263,732,2033,433,468,NA,NA,NA
"553","5553957443",2016-04-26,11886,7.76000022888184,296,750,2093,412,453,NA,NA,NA
"554","5553957443",2016-04-27,10538,6.88000011444092,238,745,1922,347,391,NA,NA,NA
"555","5553957443",2016-04-28,11393,7.63000011444092,227,727,1999,421,457,NA,NA,NA
"556","5553957443",2016-04-29,12764,8.32999992370605,331,709,2169,450,495,NA,NA,NA
"557","5553957443",2016-04-30,1202,0.779999971389771,84,506,1463,775,843,NA,NA,NA
"558","5553957443",2016-05-01,5164,3.36999988555908,237,436,1747,622,686,NA,NA,NA
"559","5553957443",2016-05-02,9769,6.38000011444092,259,724,1996,409,471,NA,NA,NA
"560","5553957443",2016-05-03,12848,8.39000034332275,302,812,2116,380,429,NA,NA,NA
"561","5553957443",2016-05-04,4249,2.76999998092651,224,651,1698,447,470,NA,NA,NA
"562","5553957443",2016-05-05,14331,9.51000022888184,314,692,2156,419,464,NA,NA,NA
"563","5553957443",2016-05-06,9632,6.28999996185303,259,761,1916,400,434,NA,NA,NA
"564","5553957443",2016-05-07,1868,1.22000002861023,96,902,1494,442,470,NA,NA,NA
"565","5553957443",2016-05-08,6083,4,221,505,1762,568,608,NA,NA,NA
"566","5553957443",2016-05-09,11611,7.57999992370605,332,667,2272,453,494,NA,NA,NA
"567","5553957443",2016-05-10,16358,10.710000038147,366,707,2335,418,443,NA,NA,NA
"568","5553957443",2016-05-11,4926,3.22000002861023,195,628,1693,463,486,NA,NA,NA
"569","5553957443",2016-05-12,3121,2.03999996185303,62,222,741,438,475,NA,NA,NA
"570","5577150313",2016-04-12,8135,6.07999992370605,242,728,3405,419,438,NA,NA,NA
"571","5577150313",2016-04-13,5077,3.78999996185303,170,776,2551,432,458,NA,NA,NA
"572","5577150313",2016-04-14,8596,6.42000007629395,324,662,4022,477,497,NA,NA,NA
"573","5577150313",2016-04-15,12087,9.07999992370605,368,695,4005,392,413,NA,NA,NA
"574","5577150313",2016-04-16,14269,10.6599998474121,398,472,4274,406,445,NA,NA,NA
"575","5577150313",2016-04-17,12231,9.14000034332275,396,525,4552,549,583,90.69999695,28,"NO"
"576","5577150313",2016-04-18,9893,7.3899998664856,276,623,3625,527,553,NA,NA,NA
"577","5577150313",2016-04-19,12574,9.42000007629395,242,733,3501,449,465,NA,NA,NA
"578","5577150313",2016-04-20,8330,6.21999979019165,216,773,3192,447,480,NA,NA,NA
"579","5577150313",2016-04-21,10830,8.09000015258789,359,670,4018,414,437,NA,NA,NA
"580","5577150313",2016-04-22,9172,6.84999990463257,292,823,3329,338,366,NA,NA,NA
"581","5577150313",2016-04-23,7638,5.71000003814697,271,627,3152,384,402,NA,NA,NA
"582","5577150313",2016-04-24,15764,11.7799997329712,416,425,4392,543,615,NA,NA,NA
"583","5577150313",2016-04-25,6393,4.78000020980835,313,743,3374,421,461,NA,NA,NA
"584","5577150313",2016-04-26,5325,3.98000001907349,251,759,3088,354,377,NA,NA,NA
"585","5577150313",2016-04-27,6805,5.1399998664856,269,773,3294,424,452,NA,NA,NA
"586","5577150313",2016-04-28,9841,7.42999982833862,291,692,3580,361,372,NA,NA,NA
"587","5577150313",2016-04-29,7924,5.92000007629395,298,739,3544,459,485,NA,NA,NA
"588","5577150313",2016-04-30,12363,9.23999977111816,415,621,4501,412,433,NA,NA,NA
"589","5577150313",2016-05-01,13368,9.98999977111816,444,499,4546,379,398,NA,NA,NA
"590","5577150313",2016-05-02,7439,5.55999994277954,292,732,3014,525,553,NA,NA,NA
"591","5577150313",2016-05-03,11045,8.25,317,580,3795,508,543,NA,NA,NA
"592","5577150313",2016-05-04,5206,3.89000010490417,175,631,2755,603,634,NA,NA,NA
"593","5577150313",2016-05-05,7550,5.6399998664856,209,1153,3004,74,78,NA,NA,NA
"594","5577150313",2016-05-06,4950,3.70000004768372,136,1304,2643,NA,NA,NA,NA,NA
"595","5577150313",2016-05-07,0,0,0,1440,1819,NA,NA,NA,NA,NA
"596","5577150313",2016-05-08,0,0,0,1440,1819,NA,NA,NA,NA,NA
"597","5577150313",2016-05-09,3421,2.55999994277954,115,1099,2489,NA,NA,NA,NA,NA
"598","5577150313",2016-05-10,8869,6.65000009536743,335,639,3841,504,562,NA,NA,NA
"599","5577150313",2016-05-11,4038,3.03999996185303,123,257,1665,431,476,NA,NA,NA
"600","6117666160",2016-04-12,0,0,0,1440,1496,NA,NA,NA,NA,NA
"601","6117666160",2016-04-13,0,0,0,1440,1496,NA,NA,NA,NA,NA
"602","6117666160",2016-04-14,0,0,0,1440,1496,NA,NA,NA,NA,NA
"603","6117666160",2016-04-15,14019,10.5900001525879,519,921,2865,NA,NA,NA,NA,NA
"604","6117666160",2016-04-16,14450,10.9099998474121,540,502,2828,380,398,NA,NA,NA
"605","6117666160",2016-04-17,7150,5.40000009536743,312,702,2225,336,350,NA,NA,NA
"606","6117666160",2016-04-18,5153,3.91000008583069,241,759,2018,493,510,NA,NA,NA
"607","6117666160",2016-04-19,11135,8.40999984741211,480,425,2606,465,492,NA,NA,NA
"608","6117666160",2016-04-20,10449,8.02000045776367,385,587,2536,474,502,NA,NA,NA
"609","6117666160",2016-04-21,19542,15.0100002288818,324,579,4900,508,550,NA,NA,NA
"610","6117666160",2016-04-22,8206,6.19999980926514,402,413,2409,480,546,NA,NA,NA
"611","6117666160",2016-04-23,11495,8.68000030517578,512,468,2651,492,539,NA,NA,NA
"612","6117666160",2016-04-24,7623,5.76000022888184,362,711,2305,353,367,NA,NA,NA
"613","6117666160",2016-04-25,0,0,0,1440,1497,NA,NA,NA,NA,NA
"614","6117666160",2016-04-26,9543,7.21000003814697,359,1077,2450,NA,NA,NA,NA,NA
"615","6117666160",2016-04-27,9411,7.1100001335144,458,417,2576,542,557,NA,NA,NA
"616","6117666160",2016-04-28,3403,2.59999990463257,141,758,1879,393,416,NA,NA,NA
"617","6117666160",2016-04-29,9592,7.23999977111816,461,479,2560,600,636,NA,NA,NA
"618","6117666160",2016-04-30,6987,5.28000020980835,343,1040,2275,NA,NA,NA,NA,NA
"619","6117666160",2016-05-01,8915,6.73000001907349,397,525,2361,507,575,NA,NA,NA
"620","6117666160",2016-05-02,4933,3.73000001907349,236,1204,2044,NA,NA,NA,NA,NA
"621","6117666160",2016-05-03,0,0,0,1440,1496,NA,NA,NA,NA,NA
"622","6117666160",2016-05-04,2997,2.25999999046326,156,1279,1902,NA,NA,NA,NA,NA
"623","6117666160",2016-05-05,9799,7.40000009536743,487,479,2636,392,415,NA,NA,NA
"624","6117666160",2016-05-06,3365,2.6800000667572,133,673,1838,658,698,NA,NA,NA
"625","6117666160",2016-05-07,7336,5.53999996185303,412,456,2469,498,507,NA,NA,NA
"626","6117666160",2016-05-08,7328,5.53000020980835,318,517,2250,555,603,NA,NA,NA
"627","6117666160",2016-05-09,4477,3.38000011444092,197,125,1248,492,522,NA,NA,NA
"628","6290855005",2016-04-12,4562,3.45000004768372,199,1241,2560,NA,NA,NA,NA,NA
"629","6290855005",2016-04-13,7142,5.40000009536743,350,1090,2905,NA,NA,NA,NA,NA
"630","6290855005",2016-04-14,7671,5.80000019073486,363,1077,2952,NA,NA,NA,NA,NA
"631","6290855005",2016-04-15,9501,7.17999982833862,328,1112,2896,NA,NA,NA,NA,NA
"632","6290855005",2016-04-16,8301,6.28000020980835,258,1182,2783,NA,NA,NA,NA,NA
"633","6290855005",2016-04-17,7851,5.94000005722046,268,1172,3171,NA,NA,NA,NA,NA
"634","6290855005",2016-04-18,6885,5.21000003814697,271,1169,2766,NA,NA,NA,NA,NA
"635","6290855005",2016-04-19,7142,5.40000009536743,321,1119,2839,NA,NA,NA,NA,NA
"636","6290855005",2016-04-20,6361,4.80999994277954,258,1182,2701,NA,NA,NA,NA,NA
"637","6290855005",2016-04-21,0,0,0,1440,2060,NA,NA,NA,NA,NA
"638","6290855005",2016-04-22,6238,4.71999979019165,302,1138,2796,NA,NA,NA,NA,NA
"639","6290855005",2016-04-23,0,0,33,1407,2664,NA,NA,NA,NA,NA
"640","6290855005",2016-04-24,5896,4.46000003814697,258,1182,2703,NA,NA,NA,NA,NA
"641","6290855005",2016-04-25,7802,5.90000009536743,260,1180,2771,NA,NA,NA,NA,NA
"642","6290855005",2016-04-26,0,0,0,1440,2060,NA,NA,NA,NA,NA
"643","6290855005",2016-04-27,5565,4.21000003814697,287,1153,2743,NA,NA,NA,NA,NA
"644","6290855005",2016-04-28,5731,4.32999992370605,255,1185,2687,NA,NA,NA,NA,NA
"645","6290855005",2016-04-29,0,0,0,1440,2060,NA,NA,NA,NA,NA
"646","6290855005",2016-04-30,6744,5.09999990463257,324,1116,2843,NA,NA,NA,NA,NA
"647","6290855005",2016-05-01,9837,7.44000005722046,385,1055,3327,NA,NA,NA,NA,NA
"648","6290855005",2016-05-02,6781,5.13000011444092,268,1172,2725,NA,NA,NA,NA,NA
"649","6290855005",2016-05-03,6047,4.57000017166138,240,1200,2671,NA,NA,NA,NA,NA
"650","6290855005",2016-05-04,5832,4.40999984741211,272,1168,2718,NA,NA,NA,NA,NA
"651","6290855005",2016-05-05,6339,4.78999996185303,239,1201,2682,NA,NA,NA,NA,NA
"652","6290855005",2016-05-06,6116,4.61999988555908,305,1135,2806,NA,NA,NA,NA,NA
"653","6290855005",2016-05-07,5510,4.17000007629395,227,1213,2613,NA,NA,NA,NA,NA
"654","6290855005",2016-05-08,7706,5.82999992370605,251,1189,2712,NA,NA,NA,NA,NA
"655","6290855005",2016-05-09,6277,4.75,264,800,2175,NA,NA,NA,NA,NA
"656","6290855005",2016-05-10,0,0,0,1440,0,NA,NA,NA,NA,NA
"657","6775888955",2016-04-12,0,0,0,1440,1841,NA,NA,NA,NA,NA
"658","6775888955",2016-04-13,4053,2.91000008583069,120,1053,2400,235,260,NA,NA,NA
"659","6775888955",2016-04-14,5162,3.70000004768372,143,863,2507,423,441,NA,NA,NA
"660","6775888955",2016-04-15,1282,0.920000016689301,58,976,2127,391,406,NA,NA,NA
"661","6775888955",2016-04-16,4732,3.39000010490417,63,1377,2225,NA,NA,NA,NA,NA
"662","6775888955",2016-04-17,2497,1.78999996185303,48,1392,2067,NA,NA,NA,NA,NA
"663","6775888955",2016-04-18,8294,5.94999980926514,207,1233,2798,NA,NA,NA,NA,NA
"664","6775888955",2016-04-19,0,0,0,1440,1841,NA,NA,NA,NA,NA
"665","6775888955",2016-04-20,10771,7.71999979019165,361,1079,3727,NA,NA,NA,NA,NA
"666","6775888955",2016-04-21,0,0,0,1440,1841,NA,NA,NA,NA,NA
"667","6775888955",2016-04-22,637,0.46000000834465,20,1420,1922,NA,NA,NA,NA,NA
"668","6775888955",2016-04-23,0,0,0,1440,1841,NA,NA,NA,NA,NA
"669","6775888955",2016-04-24,2153,1.53999996185303,40,1400,2053,NA,NA,NA,NA,NA
"670","6775888955",2016-04-25,6474,4.6399998664856,138,1302,2484,NA,NA,NA,NA,NA
"671","6775888955",2016-04-26,7091,5.26999998092651,119,1321,2584,NA,NA,NA,NA,NA
"672","6775888955",2016-04-27,0,0,0,1440,1841,NA,NA,NA,NA,NA
"673","6775888955",2016-04-28,703,0.5,30,1410,1993,NA,NA,NA,NA,NA
"674","6775888955",2016-04-29,0,0,0,1440,1841,NA,NA,NA,NA,NA
"675","6775888955",2016-04-30,2503,1.78999996185303,96,1344,2280,NA,NA,NA,NA,NA
"676","6775888955",2016-05-01,2487,1.77999997138977,93,1347,2319,NA,NA,NA,NA,NA
"677","6775888955",2016-05-02,0,0,0,1440,1841,NA,NA,NA,NA,NA
"678","6775888955",2016-05-03,9,0.00999999977648258,1,1439,1843,NA,NA,NA,NA,NA
"679","6775888955",2016-05-04,0,0,0,1440,1841,NA,NA,NA,NA,NA
"680","6775888955",2016-05-05,0,0,0,1440,1841,NA,NA,NA,NA,NA
"681","6775888955",2016-05-06,4697,3.36999988555908,122,1318,2496,NA,NA,NA,NA,NA
"682","6775888955",2016-05-07,1967,1.4099999666214,56,551,1032,NA,NA,NA,NA,NA
"683","6962181067",2016-04-12,10199,6.73999977111816,253,796,1994,366,387,62.5,24.39,"YES"
"684","6962181067",2016-04-13,5652,3.74000000953674,174,548,1718,630,679,62.09999847,24.24,"YES"
"685","6962181067",2016-04-14,1551,1.02999997138977,86,862,1466,508,535,61.70000076,24.1,"YES"
"686","6962181067",2016-04-15,5563,3.6800000667572,217,837,1756,370,386,61.5,24,"YES"
"687","6962181067",2016-04-16,13217,8.73999977111816,333,741,2173,357,366,62,24.21,"YES"
"688","6962181067",2016-04-17,10145,6.71000003814697,313,634,2027,427,446,61.40000153,23.96,"YES"
"689","6962181067",2016-04-18,11404,7.53999996185303,293,689,2039,442,458,61.20000076,23.89,"YES"
"690","6962181067",2016-04-19,10742,7.09999990463257,271,659,2046,476,535,61.40000153,23.96,"YES"
"691","6962181067",2016-04-20,13928,9.55000019073486,349,639,2174,418,424,61.70000076,24.1,"YES"
"692","6962181067",2016-04-21,11835,9.71000003814697,294,708,2179,451,457,61.40000153,23.96,"YES"
"693","6962181067",2016-04-22,10725,7.09000015258789,303,659,2086,425,435,61.40000153,23.96,"YES"
"694","6962181067",2016-04-23,20031,13.2399997711182,446,484,2571,528,546,61.5,24,"YES"
"695","6962181067",2016-04-24,5029,3.3199999332428,199,720,1705,511,514,61.5,24,"YES"
"696","6962181067",2016-04-25,13239,9.27000045776367,348,637,2194,400,415,61.70000076,24.1,"YES"
"697","6962181067",2016-04-26,10433,6.90000009536743,297,680,2012,441,446,NA,NA,NA
"698","6962181067",2016-04-27,10320,6.82000017166138,324,697,2034,455,467,61.20000076,23.89,"YES"
"699","6962181067",2016-04-28,12627,8.35000038146973,334,621,2182,440,453,61.20000076,23.89,"YES"
"700","6962181067",2016-04-29,10762,7.1100001335144,396,645,2254,433,447,61.40000153,23.96,"YES"
"701","6962181067",2016-04-30,10081,6.65999984741211,285,731,2002,422,424,61,23.82,"YES"
"702","6962181067",2016-05-01,5454,3.60999989509583,215,722,1740,411,426,61.70000076,24.1,"YES"
"703","6962181067",2016-05-02,12912,8.53999996185303,370,655,2162,466,482,61.5,24,"YES"
"704","6962181067",2016-05-03,12109,8.11999988555908,324,654,2072,394,418,61,23.82,"YES"
"705","6962181067",2016-05-04,10147,6.71000003814697,335,683,2086,442,455,61.09999847,23.85,"YES"
"706","6962181067",2016-05-05,10524,6.96000003814697,341,591,2066,467,491,61.29999924,23.93,"YES"
"707","6962181067",2016-05-06,5908,3.91000008583069,299,717,1850,443,462,61.5,24,"YES"
"708","6962181067",2016-05-07,6815,4.5,328,745,1947,298,334,61.20000076,23.89,"YES"
"709","6962181067",2016-05-08,4188,2.76999998092651,165,709,1659,541,569,61.20000076,23.89,"YES"
"710","6962181067",2016-05-09,12342,8.72000026702881,295,607,2105,489,497,62.40000153,24.35,"YES"
"711","6962181067",2016-05-10,15448,10.210000038147,371,626,2361,469,481,62.09999847,24.24,"YES"
"712","6962181067",2016-05-11,6722,4.44000005722046,230,709,1855,452,480,61.90000153,24.17,"YES"
"713","6962181067",2016-05-12,3587,2.36999988555908,113,127,928,516,535,61.90000153,24.17,"YES"
"714","7007744171",2016-04-12,14172,10.289999961853,416,1024,2937,NA,NA,NA,NA,NA
"715","7007744171",2016-04-13,12862,9.64999961853027,339,1101,2742,NA,NA,NA,NA,NA
"716","7007744171",2016-04-14,11179,8.23999977111816,344,1096,2668,NA,NA,NA,NA,NA
"717","7007744171",2016-04-15,5273,3.52999997138977,202,1238,2098,NA,NA,NA,NA,NA
"718","7007744171",2016-04-16,4631,3.09999990463257,203,1155,2076,79,82,NA,NA,NA
"719","7007744171",2016-04-17,8059,5.3899998664856,305,1135,2383,NA,NA,NA,NA,NA
"720","7007744171",2016-04-18,14816,10.9799995422363,363,1077,2832,NA,NA,NA,NA,NA
"721","7007744171",2016-04-19,14194,10.4799995422363,374,1066,2812,NA,NA,NA,NA,NA
"722","7007744171",2016-04-20,15566,11.3100004196167,440,1000,3096,NA,NA,NA,NA,NA
"723","7007744171",2016-04-21,13744,9.1899995803833,391,1049,2763,NA,NA,NA,NA,NA
"724","7007744171",2016-04-22,15299,10.2399997711182,375,1065,2889,NA,NA,NA,NA,NA
"725","7007744171",2016-04-23,8093,5.40999984741211,250,1190,2284,NA,NA,NA,NA,NA
"726","7007744171",2016-04-24,11085,7.42000007629395,419,1021,2667,NA,NA,NA,NA,NA
"727","7007744171",2016-04-25,18229,13.3400001525879,454,986,3055,NA,NA,NA,NA,NA
"728","7007744171",2016-04-26,15090,10.1000003814697,462,978,2939,NA,NA,NA,NA,NA
"729","7007744171",2016-04-27,13541,10.2200002670288,399,1041,2830,NA,NA,NA,NA,NA
"730","7007744171",2016-04-28,15128,10.1199998855591,433,1007,2836,NA,NA,NA,NA,NA
"731","7007744171",2016-04-29,20067,14.3000001907349,479,961,3180,NA,NA,NA,NA,NA
"732","7007744171",2016-04-30,3761,2.51999998092651,200,1240,2051,NA,NA,NA,NA,NA
"733","7007744171",2016-05-01,5600,3.75,237,1142,2225,58,61,NA,NA,NA
"734","7007744171",2016-05-02,13041,9.18000030517578,328,1112,2642,NA,NA,NA,NA,NA
"735","7007744171",2016-05-03,14510,10.8699998855591,419,1021,2976,NA,NA,NA,NA,NA
"736","7007744171",2016-05-04,0,0,0,1440,1557,NA,NA,NA,NA,NA
"737","7007744171",2016-05-05,15010,11.1000003814697,393,1047,2933,NA,NA,NA,NA,NA
"738","7007744171",2016-05-06,11459,7.67000007629395,304,1136,2553,NA,NA,NA,NA,NA
"739","7007744171",2016-05-07,0,0,0,111,120,NA,NA,NA,NA,NA
"740","7086361926",2016-04-12,11317,8.40999984741211,218,745,2772,514,525,NA,NA,NA
"741","7086361926",2016-04-13,5813,3.61999988555908,212,744,2516,451,465,NA,NA,NA
"742","7086361926",2016-04-14,9123,6.11999988555908,256,787,2734,472,476,NA,NA,NA
"743","7086361926",2016-04-15,8585,5.67000007629395,190,864,2395,377,386,NA,NA,NA
"744","7086361926",2016-04-16,31,0.00999999977648258,3,1437,1635,NA,NA,NA,NA,NA
"745","7086361926",2016-04-17,0,0,0,1440,1629,NA,NA,NA,NA,NA
"746","7086361926",2016-04-18,9827,6.71000003814697,226,1136,2743,NA,NA,NA,NA,NA
"747","7086361926",2016-04-19,10688,7.28999996185303,260,671,2944,472,483,NA,NA,NA
"748","7086361926",2016-04-20,14365,10.6400003433228,245,797,2997,492,502,NA,NA,NA
"749","7086361926",2016-04-21,9469,6.17999982833862,231,758,2463,390,411,NA,NA,NA
"750","7086361926",2016-04-22,9753,6.53000020980835,270,762,2846,428,448,NA,NA,NA
"751","7086361926",2016-04-23,2817,1.80999994277954,90,1350,1965,NA,NA,NA,NA,NA
"752","7086361926",2016-04-24,3520,2.16000008583069,125,566,2049,681,704,NA,NA,NA
"753","7086361926",2016-04-25,10091,6.82000017166138,237,706,2752,446,447,NA,NA,NA
"754","7086361926",2016-04-26,10387,7.07000017166138,235,726,2781,485,500,NA,NA,NA
"755","7086361926",2016-04-27,11107,8.34000015258789,206,829,2693,469,479,NA,NA,NA
"756","7086361926",2016-04-28,11584,7.80000019073486,263,810,2862,354,367,NA,NA,NA
"757","7086361926",2016-04-29,7881,4.94999980926514,242,1198,2616,NA,NA,NA,NA,NA
"758","7086361926",2016-04-30,14560,9.40999984741211,367,584,2995,485,489,NA,NA,NA
"759","7086361926",2016-05-01,12390,8.06999969482422,303,685,2730,388,407,NA,NA,NA
"760","7086361926",2016-05-02,10052,6.80999994277954,231,737,2754,440,459,NA,NA,NA
"761","7086361926",2016-05-03,10288,6.76000022888184,245,761,2754,456,461,NA,NA,NA
"762","7086361926",2016-05-04,10988,8.3100004196167,192,843,2655,420,436,NA,NA,NA
"763","7086361926",2016-05-05,8564,5.59999990463257,187,1253,2386,NA,NA,NA,NA,NA
"764","7086361926",2016-05-06,12461,8.38000011444092,273,834,2924,322,333,NA,NA,NA
"765","7086361926",2016-05-07,12827,8.47999954223633,271,621,2739,530,548,NA,NA,NA
"766","7086361926",2016-05-08,10677,7.09999990463257,206,695,2534,481,510,NA,NA,NA
"767","7086361926",2016-05-09,13566,9.10999965667725,288,743,2960,427,438,NA,NA,NA
"768","7086361926",2016-05-10,14433,10.789999961853,201,1182,2800,NA,NA,NA,NA,NA
"769","7086361926",2016-05-11,9572,6.51999998092651,225,757,2735,451,463,NA,NA,NA
"770","7086361926",2016-05-12,3789,2.55999994277954,67,343,1199,444,457,NA,NA,NA
"771","8053475328",2016-04-12,18060,14.1199998855591,247,1193,3186,NA,NA,NA,NA,NA
"772","8053475328",2016-04-13,16433,13.3500003814697,263,1177,3140,NA,NA,NA,NA,NA
"773","8053475328",2016-04-14,20159,15.9700002670288,317,1123,3411,NA,NA,NA,NA,NA
"774","8053475328",2016-04-15,20669,16.2399997711182,298,1142,3410,NA,NA,NA,NA,NA
"775","8053475328",2016-04-16,14549,11.1099996566772,185,1255,2867,NA,NA,NA,NA,NA
"776","8053475328",2016-04-17,18827,13.6899995803833,327,1113,3213,NA,NA,NA,NA,NA
"777","8053475328",2016-04-18,17076,12.6599998474121,303,1137,3133,NA,NA,NA,NA,NA
"778","8053475328",2016-04-19,15929,12.4799995422363,288,1152,3114,NA,NA,NA,NA,NA
"779","8053475328",2016-04-20,15108,12.1899995803833,252,695,3043,486,493,NA,NA,NA
"780","8053475328",2016-04-21,16057,12.5100002288818,276,1164,3103,NA,NA,NA,NA,NA
"781","8053475328",2016-04-22,10520,8.28999996185303,180,1260,2655,NA,NA,NA,NA,NA
"782","8053475328",2016-04-23,22359,17.1900005340576,362,741,3554,331,337,NA,NA,NA
"783","8053475328",2016-04-24,22988,17.9500007629395,344,1096,3577,NA,NA,NA,NA,NA
"784","8053475328",2016-04-25,20500,15.6899995803833,336,1104,3403,NA,NA,NA,NA,NA
"785","8053475328",2016-04-26,12685,9.61999988555908,258,1182,2846,NA,NA,NA,NA,NA
"786","8053475328",2016-04-27,12422,9.81999969482422,253,1187,2852,NA,NA,NA,NA,NA
"787","8053475328",2016-04-28,15447,12.3999996185303,252,1188,3062,NA,NA,NA,NA,NA
"788","8053475328",2016-04-29,12315,9.64999961853027,225,1215,2794,NA,NA,NA,NA,NA
"789","8053475328",2016-04-30,7135,5.59000015258789,159,1281,2408,NA,NA,NA,NA,NA
"790","8053475328",2016-05-01,1170,0.850000023841858,51,1389,1886,NA,NA,NA,NA,NA
"791","8053475328",2016-05-02,1969,1.42999994754791,95,1345,1988,NA,NA,NA,NA,NA
"792","8053475328",2016-05-03,15484,11.8999996185303,274,1166,3023,NA,NA,NA,NA,NA
"793","8053475328",2016-05-04,14581,11.1499996185303,220,1220,2918,NA,NA,NA,NA,NA
"794","8053475328",2016-05-05,14990,11.5100002288818,232,1208,2950,NA,NA,NA,NA,NA
"795","8053475328",2016-05-06,13953,11,195,1245,2859,NA,NA,NA,NA,NA
"796","8053475328",2016-05-07,19769,15.6700000762939,289,1076,3331,74,75,NA,NA,NA
"797","8053475328",2016-05-08,22026,17.6499996185303,367,1073,3589,NA,NA,NA,NA,NA
"798","8053475328",2016-05-09,12465,9.38000011444092,226,1214,2765,NA,NA,NA,NA,NA
"799","8053475328",2016-05-10,14810,11.3599996566772,221,1219,2926,NA,NA,NA,NA,NA
"800","8053475328",2016-05-11,12209,9.39999961853027,251,1189,2809,NA,NA,NA,NA,NA
"801","8053475328",2016-05-12,4998,3.91000008583069,71,839,1505,NA,NA,NA,NA,NA
"802","8253242879",2016-04-12,9033,7.15999984741211,196,1244,2044,NA,NA,NA,NA,NA
"803","8253242879",2016-04-13,8053,6.09999990463257,142,1298,1935,NA,NA,NA,NA,NA
"804","8253242879",2016-04-14,5234,3.46000003814697,78,1362,1705,NA,NA,NA,NA,NA
"805","8253242879",2016-04-15,2672,1.76999998092651,105,1335,1632,NA,NA,NA,NA,NA
"806","8253242879",2016-04-16,9256,6.1399998664856,172,1268,1880,NA,NA,NA,NA,NA
"807","8253242879",2016-04-17,10204,7.90999984741211,203,1237,2112,NA,NA,NA,NA,NA
"808","8253242879",2016-04-18,5151,3.48000001907349,162,1278,1829,NA,NA,NA,NA,NA
"809","8253242879",2016-04-19,4212,2.77999997138977,164,1276,1763,NA,NA,NA,NA,NA
"810","8253242879",2016-04-20,6466,4.26999998092651,239,1201,1931,NA,NA,NA,NA,NA
"811","8253242879",2016-04-21,11268,8.5600004196167,241,1199,2218,NA,NA,NA,NA,NA
"812","8253242879",2016-04-22,2824,1.87000000476837,120,1320,1651,NA,NA,NA,NA,NA
"813","8253242879",2016-04-23,9282,6.26000022888184,247,1193,2132,NA,NA,NA,NA,NA
"814","8253242879",2016-04-24,8905,7.13000011444092,127,1313,1976,NA,NA,NA,NA,NA
"815","8253242879",2016-04-25,6829,4.51000022888184,179,1261,1909,NA,NA,NA,NA,NA
"816","8253242879",2016-04-26,4562,3.03999996185303,141,1299,1813,NA,NA,NA,NA,NA
"817","8253242879",2016-04-27,10232,8.18000030517578,154,1286,2008,NA,NA,NA,NA,NA
"818","8253242879",2016-04-28,2718,1.79999995231628,47,1393,1580,NA,NA,NA,NA,NA
"819","8253242879",2016-04-29,6260,4.26000022888184,166,1257,1854,NA,NA,NA,NA,NA
"820","8253242879",2016-04-30,0,0,0,1440,0,NA,NA,NA,NA,NA
"821","8378563200",2016-04-12,7626,6.05000019073486,236,723,3635,338,356,NA,NA,NA
"822","8378563200",2016-04-13,12386,9.81999969482422,299,680,4079,447,487,NA,NA,NA
"823","8378563200",2016-04-14,13318,10.5600004196167,318,699,4163,424,455,NA,NA,NA
"824","8378563200",2016-04-15,14461,11.4700002670288,273,729,3666,513,533,NA,NA,NA
"825","8378563200",2016-04-16,11207,8.89000034332275,227,563,3363,611,689,NA,NA,NA
"826","8378563200",2016-04-17,2132,1.69000005722046,93,599,2572,525,591,NA,NA,NA
"827","8378563200",2016-04-18,13630,10.8100004196167,301,720,4157,398,451,NA,NA,NA
"828","8378563200",2016-04-19,13070,10.3599996566772,293,737,4092,387,421,NA,NA,NA
"829","8378563200",2016-04-20,9388,7.44000005722046,259,763,3787,381,409,NA,NA,NA
"830","8378563200",2016-04-21,15148,12.0100002288818,298,677,4236,396,417,NA,NA,NA
"831","8378563200",2016-04-22,12200,9.67000007629395,284,769,4044,441,469,NA,NA,NA
"832","8378563200",2016-04-23,5709,4.53000020980835,165,740,2908,565,591,NA,NA,NA
"833","8378563200",2016-04-24,3703,2.94000005722046,135,734,2741,458,492,NA,NA,NA
"834","8378563200",2016-04-25,12405,9.84000015258789,274,692,4005,388,402,NA,NA,NA
"835","8378563200",2016-04-25,12405,9.84000015258789,274,692,4005,388,402,NA,NA,NA
"836","8378563200",2016-04-26,16208,12.8500003814697,269,593,3763,550,584,NA,NA,NA
"837","8378563200",2016-04-27,7359,5.84000015258789,200,676,3061,531,600,NA,NA,NA
"838","8378563200",2016-04-28,5417,4.30000019073486,160,711,2884,506,556,NA,NA,NA
"839","8378563200",2016-04-29,6175,4.90000009536743,182,767,2982,527,562,NA,NA,NA
"840","8378563200",2016-04-30,2946,2.33999991416931,121,780,2660,468,555,NA,NA,NA
"841","8378563200",2016-05-01,11419,9.0600004196167,208,669,3369,475,539,NA,NA,NA
"842","8378563200",2016-05-02,6064,4.80999994277954,209,802,3491,351,385,NA,NA,NA
"843","8378563200",2016-05-03,8712,6.90999984741211,286,822,3784,405,429,NA,NA,NA
"844","8378563200",2016-05-04,7875,6.23999977111816,196,680,3110,441,477,NA,NA,NA
"845","8378563200",2016-05-05,8567,6.78999996185303,283,764,3783,381,417,NA,NA,NA
"846","8378563200",2016-05-06,7045,5.59000015258789,245,831,3644,323,355,NA,NA,NA
"847","8378563200",2016-05-07,4468,3.53999996185303,158,851,2799,459,513,NA,NA,NA
"848","8378563200",2016-05-08,2943,2.32999992370605,139,621,2685,545,606,NA,NA,NA
"849","8378563200",2016-05-09,8382,6.65000009536743,255,772,3721,359,399,NA,NA,NA
"850","8378563200",2016-05-10,6582,5.21999979019165,228,840,3586,342,391,NA,NA,NA
"851","8378563200",2016-05-11,9143,7.25,266,763,3788,368,387,NA,NA,NA
"852","8378563200",2016-05-12,4561,3.61999988555908,116,433,1976,496,546,NA,NA,NA
"853","8583815059",2016-04-12,5014,3.91000008583069,203,1237,2650,NA,NA,NA,NA,NA
"854","8583815059",2016-04-13,5571,4.34999990463257,188,1252,2654,NA,NA,NA,NA,NA
"855","8583815059",2016-04-14,3135,2.45000004768372,134,1306,2443,NA,NA,NA,NA,NA
"856","8583815059",2016-04-15,3430,2.6800000667572,65,1375,2505,NA,NA,NA,NA,NA
"857","8583815059",2016-04-16,5319,4.15000009536743,0,1440,2693,NA,NA,NA,NA,NA
"858","8583815059",2016-04-17,3008,2.34999990463257,0,1440,2439,NA,NA,NA,NA,NA
"859","8583815059",2016-04-18,3864,3.00999999046326,131,1309,2536,NA,NA,NA,NA,NA
"860","8583815059",2016-04-19,5697,4.44000005722046,183,1257,2668,NA,NA,NA,NA,NA
"861","8583815059",2016-04-20,5273,4.1100001335144,194,1246,2647,NA,NA,NA,NA,NA
"862","8583815059",2016-04-21,8538,6.65999984741211,211,1229,2883,NA,NA,NA,NA,NA
"863","8583815059",2016-04-22,8687,6.78000020980835,270,1170,2944,NA,NA,NA,NA,NA
"864","8583815059",2016-04-23,9423,7.34999990463257,289,1151,3012,NA,NA,NA,NA,NA
"865","8583815059",2016-04-24,8286,6.46000003814697,252,1188,2889,NA,NA,NA,NA,NA
"866","8583815059",2016-04-25,4503,3.50999999046326,146,1294,2547,NA,NA,NA,NA,NA
"867","8583815059",2016-04-26,10499,8.1899995803833,306,1134,3093,NA,NA,NA,NA,NA
"868","8583815059",2016-04-27,12474,9.72999954223633,211,1229,3142,NA,NA,NA,NA,NA
"869","8583815059",2016-04-28,6174,4.82000017166138,231,1209,2757,NA,NA,NA,NA,NA
"870","8583815059",2016-04-29,15168,11.8299999237061,371,1069,3513,NA,NA,NA,NA,NA
"871","8583815059",2016-04-30,10085,7.86999988555908,347,1093,3164,NA,NA,NA,NA,NA
"872","8583815059",2016-05-01,4512,3.51999998092651,129,1311,2596,NA,NA,NA,NA,NA
"873","8583815059",2016-05-02,8469,6.6100001335144,0,1440,2894,NA,NA,NA,NA,NA
"874","8583815059",2016-05-03,12015,9.36999988555908,0,1440,3212,NA,NA,NA,NA,NA
"875","8583815059",2016-05-04,3588,2.79999995231628,0,1440,2516,NA,NA,NA,NA,NA
"876","8583815059",2016-05-05,12427,9.6899995803833,70,1370,3266,NA,NA,NA,NA,NA
"877","8583815059",2016-05-06,5843,4.55999994277954,190,1250,2683,NA,NA,NA,NA,NA
"878","8583815059",2016-05-07,6117,4.76999998092651,250,1190,2810,NA,NA,NA,NA,NA
"879","8583815059",2016-05-08,9217,7.19000005722046,257,1183,2940,NA,NA,NA,NA,NA
"880","8583815059",2016-05-09,9877,7.69999980926514,180,1260,2947,NA,NA,NA,NA,NA
"881","8583815059",2016-05-10,8240,6.42999982833862,214,1226,2846,NA,NA,NA,NA,NA
"882","8583815059",2016-05-11,8701,6.78999996185303,253,1106,2804,NA,NA,NA,NA,NA
"883","8583815059",2016-05-12,0,0,0,1440,0,NA,NA,NA,NA,NA
"884","8792009665",2016-04-12,2564,1.63999998569489,116,831,2044,458,493,NA,NA,NA
"885","8792009665",2016-04-13,1320,0.839999973773956,82,806,1934,531,552,NA,NA,NA
"886","8792009665",2016-04-14,1219,0.779999971389771,84,853,1963,486,503,NA,NA,NA
"887","8792009665",2016-04-15,2483,1.5900000333786,126,937,2009,363,377,NA,NA,NA
"888","8792009665",2016-04-16,244,0.159999996423721,12,1428,1721,NA,NA,NA,NA,NA
"889","8792009665",2016-04-17,0,0,0,1440,1688,NA,NA,NA,NA,NA
"890","8792009665",2016-04-18,0,0,0,1440,1688,NA,NA,NA,NA,NA
"891","8792009665",2016-04-19,0,0,0,1440,1688,NA,NA,NA,NA,NA
"892","8792009665",2016-04-20,3147,2.00999999046326,149,744,2188,528,547,NA,NA,NA
"893","8792009665",2016-04-21,144,0.0900000035762787,9,1431,1720,NA,NA,NA,NA,NA
"894","8792009665",2016-04-22,4068,2.59999990463257,216,817,2419,391,407,NA,NA,NA
"895","8792009665",2016-04-23,5245,3.35999989509583,285,795,2748,339,360,NA,NA,NA
"896","8792009665",2016-04-24,400,0.259999990463257,30,1410,1799,NA,NA,NA,NA,NA
"897","8792009665",2016-04-25,0,0,0,1440,1688,NA,NA,NA,NA,NA
"898","8792009665",2016-04-26,1321,0.850000023841858,80,1360,1928,NA,NA,NA,NA,NA
"899","8792009665",2016-04-27,1758,1.12999999523163,112,900,2067,423,428,NA,NA,NA
"900","8792009665",2016-04-28,6157,3.94000005722046,310,714,2780,402,416,NA,NA,NA
"901","8792009665",2016-04-29,8360,5.34999990463257,400,634,3101,398,406,NA,NA,NA
"902","8792009665",2016-04-30,7174,4.59000015258789,331,749,2896,343,360,NA,NA,NA
"903","8792009665",2016-05-01,1619,1.03999996185303,79,834,1962,503,527,NA,NA,NA
"904","8792009665",2016-05-02,1831,1.16999995708466,101,916,2015,415,423,NA,NA,NA
"905","8792009665",2016-05-03,2421,1.54999995231628,156,739,2297,516,545,NA,NA,NA
"906","8792009665",2016-05-04,2283,1.46000003814697,129,848,2067,439,463,NA,NA,NA
"907","8792009665",2016-05-05,0,0,0,1440,1688,NA,NA,NA,NA,NA
"908","8792009665",2016-05-06,0,0,0,1440,1688,NA,NA,NA,NA,NA
"909","8792009665",2016-05-07,0,0,0,1440,1688,NA,NA,NA,NA,NA
"910","8792009665",2016-05-08,0,0,0,1440,1688,NA,NA,NA,NA,NA
"911","8792009665",2016-05-09,0,0,0,1440,1688,NA,NA,NA,NA,NA
"912","8792009665",2016-05-10,0,0,0,48,57,NA,NA,NA,NA,NA
"913","8877689391",2016-04-12,23186,20.3999996185303,404,1036,3921,NA,NA,85.80000305,25.68,"NO"
"914","8877689391",2016-04-13,15337,9.57999992370605,342,1098,3566,NA,NA,84.90000153,25.41,"NO"
"915","8877689391",2016-04-14,21129,18.9799995422363,379,1061,3793,NA,NA,84.5,25.31,"NO"
"916","8877689391",2016-04-15,13422,7.17000007629395,388,1052,3934,NA,NA,NA,NA,NA
"917","8877689391",2016-04-16,29326,25.2900009155273,552,888,4547,NA,NA,85.5,25.59,"NO"
"918","8877689391",2016-04-17,15118,8.86999988555908,380,1060,3545,NA,NA,NA,NA,NA
"919","8877689391",2016-04-18,11423,8.67000007629395,225,1215,2761,NA,NA,85.80000305,25.68,"NO"
"920","8877689391",2016-04-19,18785,17.3999996185303,309,1131,3676,NA,NA,85.30000305,25.53,"NO"
"921","8877689391",2016-04-20,19948,18.1100006103516,317,1123,3679,NA,NA,84.90000153,25.41,"NO"
"922","8877689391",2016-04-21,19377,17.6200008392334,321,1119,3659,NA,NA,84.5,25.29,"NO"
"923","8877689391",2016-04-22,18258,16.3099994659424,299,1141,3427,NA,NA,NA,NA,NA
"924","8877689391",2016-04-23,11200,7.42999982833862,408,1032,3891,NA,NA,85.5,25.59,"NO"
"925","8877689391",2016-04-24,16674,15.7399997711182,292,1148,3455,NA,NA,85.5,25.59,"NO"
"926","8877689391",2016-04-25,12986,8.73999977111816,339,1101,3802,NA,NA,85.40000153,25.56,"NO"
"927","8877689391",2016-04-26,11101,8.43000030517578,283,1157,2860,NA,NA,85.09999847,25.49,"NO"
"928","8877689391",2016-04-27,23629,20.6499996185303,336,1104,3808,NA,NA,85.40000153,25.56,"NO"
"929","8877689391",2016-04-28,14890,11.3000001907349,297,1143,3060,NA,NA,85.09999847,25.49,"NO"
"930","8877689391",2016-04-29,9733,7.3899998664856,233,1207,2698,NA,NA,84.90000153,25.41,"NO"
"931","8877689391",2016-04-30,27745,26.7199993133545,351,1089,4398,NA,NA,85.5,25.59,"NO"
"932","8877689391",2016-05-01,10930,8.31999969482422,214,1226,2786,NA,NA,85.30000305,25.53,"NO"
"933","8877689391",2016-05-02,4790,3.64000010490417,105,1335,2189,NA,NA,NA,NA,NA
"934","8877689391",2016-05-03,10818,8.21000003814697,251,1189,2817,NA,NA,84.90000153,25.41,"NO"
"935","8877689391",2016-05-04,18193,16.2999992370605,286,1154,3477,NA,NA,84.40000153,25.26,"NO"
"936","8877689391",2016-05-05,14055,10.6700000762939,270,1170,3052,NA,NA,NA,NA,NA
"937","8877689391",2016-05-06,21727,19.3400001525879,345,1095,4015,NA,NA,85,25.44,"NO"
"938","8877689391",2016-05-07,12332,8.13000011444092,404,1036,4142,NA,NA,NA,NA,NA
"939","8877689391",2016-05-08,10686,8.10999965667725,266,1174,2847,NA,NA,85.40000153,25.56,"NO"
"940","8877689391",2016-05-09,20226,18.25,309,1131,3710,NA,NA,85.5,25.61,"NO"
"941","8877689391",2016-05-10,10733,8.14999961853027,253,1187,2832,NA,NA,NA,NA,NA
"942","8877689391",2016-05-11,21420,19.5599994659424,313,1127,3832,NA,NA,85.40000153,25.56,"NO"
"943","8877689391",2016-05-12,8064,6.11999988555908,161,770,1849,NA,NA,84,25.14,"NO"
